index,facebookPhotoId,filename,width,height,facebookPhotoUrl,sourceUrl,sourceAsset,alt
"1","1429419315888717","stutes-facebook-001-1429419315888717.jpg","960","720","https://www.facebook.com/photo.php?fbid=1429419315888717&set=pb.100064619866357.-2207520000&type=3","https://scontent-ams2-1.xx.fbcdn.net/v/t39.30808-6/691550334_1429419319222050_4795264096005600427_n.jpg?stp=cp6_dst-jpg_tt6&cstp=mx960x720&ctp=s960x720&_nc_cat=106&ccb=1-7&_nc_sid=127cfc&_nc_ohc=rMv2vlYgP8IQ7kNvwGByJ28&_nc_oc=AdoZUnunItl3pSY0KePsfW02TJB43jNMrqPsQsoFV_6qu_4h2-NBvs-Qu805mnYUUP8&_nc_zt=23&_nc_ht=scontent-ams2-1.xx&_nc_gid=VoGZYqnNgcamdST3WL22vQ&_nc_ss=7e2a8&oh=00_AQFVvaPMBxbD2Ym_luqPOUOZ5aGRuhsPBse6yZMBP_OdMQ&oe=6A7A680B","691550334_1429419319222050_4795264096005600427_n.jpg","No photo description available."
"2","1429419172555398","stutes-facebook-002-1429419172555398.jpg","960","720","https://www.facebook.com/photo.php?fbid=1429419172555398&set=pb.100064619866357.-2207520000&type=3","https://scontent-ams2-1.xx.fbcdn.net/v/t39.30808-6/687678693_1429419212555394_251020711689725246_n.jpg?stp=cp6_dst-jpg_tt6&cstp=mx960x720&ctp=s960x720&_nc_cat=104&ccb=1-7&_nc_sid=127cfc&_nc_ohc=9B-38wdE3AIQ7kNvwGA_YhU&_nc_oc=Adow2oxdP9zkQiql9ONSIxdrM83IvxkJjZgIRDmHImvG-5GRpBfVLSK_nzoBGkjpVWY&_nc_zt=23&_nc_ht=scontent-ams2-1.xx&_nc_gid=Y1GsBuO4OC31-1b98NWfag&_nc_ss=7e2a8&oh=00_AQEIY_t4L60p6o7rUtjMFZqngtXC8pK6onH9QaSLzczE_g&oe=6A7A7388","687678693_1429419212555394_251020711689725246_n.jpg","No photo description available."
"3","1429419119222070","stutes-facebook-003-1429419119222070.jpg","960","720","https://www.facebook.com/photo.php?fbid=1429419119222070&set=pb.100064619866357.-2207520000&type=3","https://scontent-ams2-1.xx.fbcdn.net/v/t39.30808-6/688272506_1429419125888736_4153751809611773855_n.jpg?stp=cp6_dst-jpg_tt6&cstp=mx960x720&ctp=s960x720&_nc_cat=105&ccb=1-7&_nc_sid=127cfc&_nc_ohc=7j4l-jrnMWoQ7kNvwGmy_E9&_nc_oc=AdpSjsQr-KtgxRKyTQByA_9P9T_4rsYf21w8PX4MZ1dr9JFEXGNBS3WSWBjvJE1nZP4&_nc_zt=23&_nc_ht=scontent-ams2-1.xx&_nc_gid=8v4dHVdgMxuwAd00bKv13w&_nc_ss=7e2a8&oh=00_AQHrX8WlFFJyBENBJdr4ARHi9n7fXqWsDmWHDXZevEPO7w&oe=6A7A6AC8","688272506_1429419125888736_4153751809611773855_n.jpg","No photo description available."
"4","1429419079222074","stutes-facebook-004-1429419079222074.jpg","960","720","https://www.facebook.com/photo.php?fbid=1429419079222074&set=pb.100064619866357.-2207520000&type=3","https://scontent-ams2-1.xx.fbcdn.net/v/t39.30808-6/691547199_1429419082555407_1860680130632084488_n.jpg?stp=cp6_dst-jpg_tt6&cstp=mx960x720&ctp=s960x720&_nc_cat=101&ccb=1-7&_nc_sid=127cfc&_nc_ohc=dkxVwnOfA_wQ7kNvwEwwZ0I&_nc_oc=AdqEydRsur4slo5sqqbpRiLLcxcSuVUy6TFo2XfVHqR9yp6QH4f3WW_0G1khrMEMseA&_nc_zt=23&_nc_ht=scontent-ams2-1.xx&_nc_gid=YDs-_dzTZKlyuJBqZ7yF-A&_nc_ss=782a8&oh=00_AQHZ6DppsKg-s2F2rQtLrhoBN-Z8zNAhHRUrMKofdrkSIQ&oe=6A7A42A1","691547199_1429419082555407_1860680130632084488_n.jpg","No photo description available."
"5","1429419039222078","stutes-facebook-005-1429419039222078.jpg","720","960","https://www.facebook.com/photo.php?fbid=1429419039222078&set=pb.100064619866357.-2207520000&type=3","https://scontent-ams2-1.xx.fbcdn.net/v/t39.30808-6/689562498_1429419042555411_2584218922672793127_n.jpg?stp=cp6_dst-jpg_tt6&cstp=mx720x960&ctp=s720x960&_nc_cat=108&ccb=1-7&_nc_sid=127cfc&_nc_ohc=sC4HwdoY7DUQ7kNvwGAJ8ud&_nc_oc=AdpmWQ9wvOz9mjb39DgP9G8CkJ1jpVg7qZ3_QRyVXDvtSyMwILUjLweTJkSiOVVIHzY&_nc_zt=23&_nc_ht=scontent-ams2-1.xx&_nc_gid=dcYk0RqVB_vNecmWhYi5cw&_nc_ss=782a8&oh=00_AQG3knymQVJmn6zpod77axro8C0FjVmsOSaY35oOg3KcUg&oe=6A7A6A57","689562498_1429419042555411_2584218922672793127_n.jpg","No photo description available."
"6","1429418992555416","stutes-facebook-006-1429418992555416.jpg","960","720","https://www.facebook.com/photo.php?fbid=1429418992555416&set=pb.100064619866357.-2207520000&type=3","https://scontent-ams2-1.xx.fbcdn.net/v/t39.30808-6/687131416_1429418995888749_5187268191362367526_n.jpg?stp=cp6_dst-jpg_tt6&cstp=mx960x720&ctp=s960x720&_nc_cat=109&ccb=1-7&_nc_sid=127cfc&_nc_ohc=JQrSuMI6mwUQ7kNvwHS8T6b&_nc_oc=AdqoTE7hmlNUNpdfpGFYcrdpL-pr41f2VsyFt-E3iRrK1_gcXnRQ8Ai-szRh5q6AKog&_nc_zt=23&_nc_ht=scontent-ams2-1.xx&_nc_gid=f-sgEamgI9Wl8UxrbU2xsg&_nc_ss=782a8&oh=00_AQEAOXP2Q-4ctGisT-zxsTQMBZRuo1_o26lEzQWmtClNTw&oe=6A7A4EFE","687131416_1429418995888749_5187268191362367526_n.jpg","No photo description available."
"7","1401253505371965","stutes-facebook-007-1401253505371965.jpg","1536","2048","https://www.facebook.com/photo.php?fbid=1401253505371965&set=pb.100064619866357.-2207520000&type=3","https://scontent-ams2-1.xx.fbcdn.net/v/t39.30808-6/659088245_1401253955371920_2988352065478071412_n.jpg?stp=dst-jpg_tt6&cstp=mx1536x2048&ctp=s1536x2048&_nc_cat=104&ccb=1-7&_nc_sid=833d8c&_nc_ohc=xPQ5m7AF__oQ7kNvwF7yG_b&_nc_oc=AdrkAwa6Vo0zyotPRiZZmV5gBogTb3sGEzzCak0dVeRWrzawDg25L8eRxOH9YnhFuJQ&_nc_zt=23&_nc_ht=scontent-ams2-1.xx&_nc_gid=lpzR5LS_uYkzx8mAWb7QHg&_nc_ss=782a8&oh=00_AQGL3HSS28n9ui4oW3EuBD-8JQHA_9BGyE732y6-q9yg4w&oe=6A7A6F99","659088245_1401253955371920_2988352065478071412_n.jpg","No photo description available."
"8","1401253482038634","stutes-facebook-008-1401253482038634.jpg","1536","2048","https://www.facebook.com/photo.php?fbid=1401253482038634&set=pb.100064619866357.-2207520000&type=3","https://scontent-ams2-1.xx.fbcdn.net/v/t39.30808-6/657788729_1401253938705255_8093242022638819930_n.jpg?stp=dst-jpg_tt6&cstp=mx1536x2048&ctp=s1536x2048&_nc_cat=104&ccb=1-7&_nc_sid=833d8c&_nc_ohc=nqzYIMaFg8AQ7kNvwEYSHdw&_nc_oc=Adr3B1BUHB9xdrPOVEph-8vaLikrs4kzZ9DMZiqUUygFjRkLoJMMT1jOSOjTNblQHDo&_nc_zt=23&_nc_ht=scontent-ams2-1.xx&_nc_gid=8LGk8qN6XiRvE291-YoqTQ&_nc_ss=782a8&oh=00_AQHWIXNDnOq3xaju4UHH3Wl5WhWTkN4AK3oqNNGMW1VRYA&oe=6A7A4318","657788729_1401253938705255_8093242022638819930_n.jpg","No photo description available."
"9","1401253435371972","stutes-facebook-009-1401253435371972.jpg","2048","1536","https://www.facebook.com/photo.php?fbid=1401253435371972&set=pb.100064619866357.-2207520000&type=3","https://scontent-ams2-1.xx.fbcdn.net/v/t39.30808-6/661389463_1401253832038599_176696058416994480_n.jpg?stp=dst-jpg_tt6&cstp=mx2048x1536&ctp=s2048x1536&_nc_cat=108&ccb=1-7&_nc_sid=833d8c&_nc_ohc=VvjGhTaOT3EQ7kNvwEiv93H&_nc_oc=Adr88xNZiuuPuBTRBOMMLf_RD2RZknpHOlCWn4CsZow-9bfOTAB5gKNFjGG_gZgqekM&_nc_zt=23&_nc_ht=scontent-ams2-1.xx&_nc_gid=u0NLYrCEOgsYqDcdJ5HIUg&_nc_ss=782a8&oh=00_AQE4VJ5crJDxTo0T9sUl6fG38Ky0Y9pkum15PcSXlXAlfQ&oe=6A7A7420","661389463_1401253832038599_176696058416994480_n.jpg","No photo description available."
"10","1401253402038642","stutes-facebook-010-1401253402038642.jpg","2048","1536","https://www.facebook.com/photo.php?fbid=1401253402038642&set=pb.100064619866357.-2207520000&type=3","https://scontent-ams2-1.xx.fbcdn.net/v/t39.30808-6/658143705_1401253822038600_5030806393721109001_n.jpg?stp=dst-jpg_tt6&cstp=mx2048x1536&ctp=s2048x1536&_nc_cat=103&ccb=1-7&_nc_sid=833d8c&_nc_ohc=mG07kCGyCOAQ7kNvwEsouMz&_nc_oc=Adppe574YaQE-Rt0TTympKGrpLVTOXqztuSLH9JaY-xK7dLtcakjARlC02LkZ7-GL3I&_nc_zt=23&_nc_ht=scontent-ams2-1.xx&_nc_gid=HGL90lR-Rz_BOZQOKyU2UA&_nc_ss=782a8&oh=00_AQH6jbD6CybeQ8pN_zBjQHxEg12bLDQFVhlgUGFVrM8bcw&oe=6A7A757E","658143705_1401253822038600_5030806393721109001_n.jpg","No photo description available."
"11","1401253375371978","stutes-facebook-011-1401253375371978.jpg","2048","1536","https://www.facebook.com/photo.php?fbid=1401253375371978&set=pb.100064619866357.-2207520000&type=3","https://scontent-ams2-1.xx.fbcdn.net/v/t39.30808-6/658949743_1401253762038606_5487466966912796898_n.jpg?stp=dst-jpg_tt6&cstp=mx2048x1536&ctp=s2048x1536&_nc_cat=101&ccb=1-7&_nc_sid=833d8c&_nc_ohc=btr4VfqEJFgQ7kNvwEerHMy&_nc_oc=AdrfSQ0uOqyNT5_y3zaJRvpyLqL8cbmFna-2CtpGGSZqjbaSuFWvWHEZ_c5AQrfVKwg&_nc_zt=23&_nc_ht=scontent-ams2-1.xx&_nc_gid=0a0amui3MNrfQUemtWRp1g&_nc_ss=782a8&oh=00_AQHr1e3vyrzRAJcKqBXvKSd_NyomVETE-2vKoAY8MJsQjw&oe=6A7A6326","658949743_1401253762038606_5487466966912796898_n.jpg","No photo description available."
"12","1401253342038648","stutes-facebook-012-1401253342038648.jpg","720","960","https://www.facebook.com/photo.php?fbid=1401253342038648&set=pb.100064619866357.-2207520000&type=3","https://scontent-ams2-1.xx.fbcdn.net/v/t39.30808-6/658186253_1401253345371981_2041898098510966567_n.jpg?stp=cp6_dst-jpg_tt6&cstp=mx720x960&ctp=s720x960&_nc_cat=102&ccb=1-7&_nc_sid=833d8c&_nc_ohc=wD2PIO03gJAQ7kNvwFE4zKh&_nc_oc=Ado3VGcHT6yzqctqTRLeN3osgmVQ90gyTIyxa_FgAyILAlqpq8GmkyQESKOlf03mKEQ&_nc_zt=23&_nc_ht=scontent-ams2-1.xx&_nc_gid=Cn2zCEej3sL6Jopda_JrEQ&_nc_ss=782a8&oh=00_AQFbVIL8E6QtU-j51PNJrQIg9Q7igDTUsC5iypJ0ZW0_IQ&oe=6A7A6D33","658186253_1401253345371981_2041898098510966567_n.jpg","No photo description available."
"13","1215689380595046","stutes-facebook-013-1215689380595046.jpg","960","720","https://www.facebook.com/photo.php?fbid=1215689380595046&set=pb.100064619866357.-2207520000&type=3","https://scontent-ams2-1.xx.fbcdn.net/v/t39.30808-6/539650337_1215689383928379_4779352974021105736_n.jpg?stp=cp6_dst-jpg_tt6&cstp=mx960x720&ctp=s960x720&_nc_cat=109&ccb=1-7&_nc_sid=127cfc&_nc_ohc=u2cYQetOssUQ7kNvwGQ_ck0&_nc_oc=AdrEUhGM0R--QhFb6yH_zik4_pmRGHxemJcjxQMV5WorLBFKA_89TX4djyxHJcPG09o&_nc_zt=23&_nc_ht=scontent-ams2-1.xx&_nc_gid=kOAdLDlySn25eU3VgYHdwg&_nc_ss=782a8&oh=00_AQG97CrDaayUIuY0AUC_Ogld7uUL0VvJzFrjJM1A7RAeEA&oe=6A7A6380","539650337_1215689383928379_4779352974021105736_n.jpg","No photo description available."
"14","1215689337261717","stutes-facebook-014-1215689337261717.jpg","720","960","https://www.facebook.com/photo.php?fbid=1215689337261717&set=pb.100064619866357.-2207520000&type=3","https://scontent-ams2-1.xx.fbcdn.net/v/t39.30808-6/540451864_1215689340595050_8677738719858525152_n.jpg?stp=cp6_dst-jpg_tt6&cstp=mx720x960&ctp=s720x960&_nc_cat=107&ccb=1-7&_nc_sid=127cfc&_nc_ohc=pzFDtRUCy3gQ7kNvwGEHZiA&_nc_oc=Ado8I0cPTUSrHquiSUw9Ml0pcSCmUdL_2BQUlmfAF2KhkEmTb3ivzL0sZ246cmGmDgM&_nc_zt=23&_nc_ht=scontent-ams2-1.xx&_nc_gid=dVRB83wiaTfVxOtreFVvKg&_nc_ss=782a8&oh=00_AQE56XBAJpZf1daV--2ngpBTnIyfsFABEezGMeUoeUfvYA&oe=6A7A6866","540451864_1215689340595050_8677738719858525152_n.jpg","No photo description available."
"15","1215689297261721","stutes-facebook-015-1215689297261721.jpg","720","960","https://www.facebook.com/photo.php?fbid=1215689297261721&set=pb.100064619866357.-2207520000&type=3","https://scontent-ams2-1.xx.fbcdn.net/v/t39.30808-6/539922078_1215689300595054_1748393002458988389_n.jpg?stp=cp6_dst-jpg_tt6&cstp=mx720x960&ctp=s720x960&_nc_cat=111&ccb=1-7&_nc_sid=127cfc&_nc_ohc=ADKROZVUueUQ7kNvwF03PaL&_nc_oc=AdoB_u154SksRYtiK9OTC2alhpxx9b9RhHqun-yWRCBQ7cOmelg0rJJJoR7oW6087HI&_nc_zt=23&_nc_ht=scontent-ams2-1.xx&_nc_gid=4MJtsPDipknZKmWPxVlkOQ&_nc_ss=782a8&oh=00_AQGb_zCq-AKyJCbAjdpZcNYv7Xy95s3zW_lFQW2FElQ3Kg&oe=6A7A6DE8","539922078_1215689300595054_1748393002458988389_n.jpg","No photo description available."
"16","1215689263928391","stutes-facebook-016-1215689263928391.jpg","960","720","https://www.facebook.com/photo.php?fbid=1215689263928391&set=pb.100064619866357.-2207520000&type=3","https://scontent-ams2-1.xx.fbcdn.net/v/t39.30808-6/539739583_1215689267261724_7534016963771033356_n.jpg?stp=cp6_dst-jpg_tt6&cstp=mx960x720&ctp=s960x720&_nc_cat=109&ccb=1-7&_nc_sid=127cfc&_nc_ohc=sNTahxc1HpUQ7kNvwG2J14X&_nc_oc=AdoJZzroNm4wlp6YyiuivdPfl7ZkwQSJ698pYxjxqh6QuIW-be9mec6MkxyhunOKT_4&_nc_zt=23&_nc_ht=scontent-ams2-1.xx&_nc_gid=R-S_gif_d5p7pd7VHRP5mQ&_nc_ss=782a8&oh=00_AQFBEvN2XkvvmxAK4nUpp5yenD7y_nYFnQZ10JxV3ZDgYQ&oe=6A7A7120","539739583_1215689267261724_7534016963771033356_n.jpg","No photo description available."
"17","1215689220595062","stutes-facebook-017-1215689220595062.jpg","720","960","https://www.facebook.com/photo.php?fbid=1215689220595062&set=pb.100064619866357.-2207520000&type=3","https://scontent-ams2-1.xx.fbcdn.net/v/t39.30808-6/540935877_1215689223928395_610994536333672289_n.jpg?stp=cp6_dst-jpg_tt6&cstp=mx720x960&ctp=s720x960&_nc_cat=107&ccb=1-7&_nc_sid=127cfc&_nc_ohc=xonkv8MK0HUQ7kNvwEa8cLK&_nc_oc=Adpagvli6up9X3rbEFqHp2Vhjp_QUPzSogShcHtuKf-RGlk9jiMX3CqJT5odB2aqXXs&_nc_zt=23&_nc_ht=scontent-ams2-1.xx&_nc_gid=2J1mjPTOVGNSzRoyTIOePg&_nc_ss=782a8&oh=00_AQFUPoBZwKot31bRxZtQgzTH__kM6zUgX9sD0-I1cPcmpw&oe=6A7A595D","540935877_1215689223928395_610994536333672289_n.jpg","No photo description available."
"18","1215689180595066","stutes-facebook-018-1215689180595066.jpg","720","960","https://www.facebook.com/photo.php?fbid=1215689180595066&set=pb.100064619866357.-2207520000&type=3","https://scontent-ams2-1.xx.fbcdn.net/v/t39.30808-6/540273325_1215689187261732_7308830572714884680_n.jpg?stp=cp6_dst-jpg_tt6&cstp=mx720x960&ctp=s720x960&_nc_cat=107&ccb=1-7&_nc_sid=127cfc&_nc_ohc=_Qj6RaZyWdEQ7kNvwHekAO8&_nc_oc=AdrgmZbZBmIGYkadCP_7meHcGu5mcPm_bys-XLCah9qeaCj7k2I9VDHk6hl_nMuU4KI&_nc_zt=23&_nc_ht=scontent-ams2-1.xx&_nc_gid=qvsLIVvtLAg1CF8fTUCzfg&_nc_ss=782a8&oh=00_AQHEDfYBWXDbQA8zs8kP0dYUPDYyk99T4OlBWipFViBcYQ&oe=6A7A6818","540273325_1215689187261732_7308830572714884680_n.jpg","No photo description available."
"19","1201084258722225","stutes-facebook-019-1201084258722225.jpg","732","960","https://www.facebook.com/photo.php?fbid=1201084258722225&set=pb.100064619866357.-2207520000&type=3","https://scontent-ams2-1.xx.fbcdn.net/v/t39.30808-6/532185915_1201084262055558_884595153298374574_n.jpg?stp=cp6_dst-jpg_tt6&cstp=mx732x960&ctp=s732x960&_nc_cat=107&ccb=1-7&_nc_sid=127cfc&_nc_ohc=ynHpWLkfuxEQ7kNvwHOabDp&_nc_oc=Adp7Hes6Bf2DeQY2u63mVy6G38UiH1KPx7z6mEuVjsC8_UZ7SVQquTSdCqf2ACFkIFQ&_nc_zt=23&_nc_ht=scontent-ams2-1.xx&_nc_gid=NjYTKpZRSLkdOediYPmqyw&_nc_ss=782a8&oh=00_AQH192Mhm1iBnyP9KlcnWkKryuFHUO7RofuzV4Yi7IF81w&oe=6A7A48E7","532185915_1201084262055558_884595153298374574_n.jpg","No photo description available."
"20","1201084238722227","stutes-facebook-020-1201084238722227.jpg","720","960","https://www.facebook.com/photo.php?fbid=1201084238722227&set=pb.100064619866357.-2207520000&type=3","https://scontent-ams2-1.xx.fbcdn.net/v/t39.30808-6/530743015_1201084245388893_7998316290675298695_n.jpg?stp=cp6_dst-jpg_tt6&cstp=mx720x960&ctp=s720x960&_nc_cat=108&ccb=1-7&_nc_sid=127cfc&_nc_ohc=XwRULmpHOkEQ7kNvwGb__sb&_nc_oc=AdqJ9qe85Dbn0Ezejq52r1weqc8XpIOcIqHmi0gduqUM6vG5lYSxTbskeSxEirwgnpA&_nc_zt=23&_nc_ht=scontent-ams2-1.xx&_nc_gid=ZyS-q3MwvSN6FYNgZEQgfg&_nc_ss=782a8&oh=00_AQExHuKXMup1w-n0rAebpVZIsL7fLG9aVtfo2UImKVVaLw&oe=6A7A6078","530743015_1201084245388893_7998316290675298695_n.jpg","No photo description available."
"21","1201084225388895","stutes-facebook-021-1201084225388895.jpg","726","960","https://www.facebook.com/photo.php?fbid=1201084225388895&set=pb.100064619866357.-2207520000&type=3","https://scontent-ams2-1.xx.fbcdn.net/v/t39.30808-6/530516980_1201084228722228_7094398021860829003_n.jpg?stp=cp6_dst-jpg_tt6&cstp=mx726x960&ctp=s726x960&_nc_cat=110&ccb=1-7&_nc_sid=127cfc&_nc_ohc=RdU374jZOhIQ7kNvwFSSqPk&_nc_oc=Adp453hFo3bkHMmk20lJGLPVg2Ip1HAzPXQbAiS3psgjJmZ0HjnHZkVFGYlVWKwI9JM&_nc_zt=23&_nc_ht=scontent-ams2-1.xx&_nc_gid=tTkjZLAS22RiCEb_aVmP3g&_nc_ss=782a8&oh=00_AQGhmS7sQTgfcvsobNDrcze9Fa2DN5hBMIaY5juwrgic_g&oe=6A7A644F","530516980_1201084228722228_7094398021860829003_n.jpg","No photo description available."
"22","1201055948725056","stutes-facebook-022-1201055948725056.jpg","960","720","https://www.facebook.com/photo.php?fbid=1201055948725056&set=pb.100064619866357.-2207520000&type=3","https://scontent-ams2-1.xx.fbcdn.net/v/t39.30808-6/531222491_1201055962058388_7402625110757699982_n.jpg?stp=cp6_dst-jpg_tt6&cstp=mx960x720&ctp=s960x720&_nc_cat=106&ccb=1-7&_nc_sid=127cfc&_nc_ohc=J5-B5CrJQHAQ7kNvwHvaV8Q&_nc_oc=AdrXWZ7PGCJVOmZAShgX5cwlcFQEr5b64KmsmZSAOuOwZpyosc2JCELA76P6LwAbLNY&_nc_zt=23&_nc_ht=scontent-ams2-1.xx&_nc_gid=J0A4oYz8TBy7qy17o7Wm5Q&_nc_ss=782a8&oh=00_AQExyWudmEzQcp0XucJnIy7e70iKwOQlR-OXqTLcD8uEJA&oe=6A7A5910","531222491_1201055962058388_7402625110757699982_n.jpg","No photo description available."
"23","1201055902058394","stutes-facebook-023-1201055902058394.jpg","960","720","https://www.facebook.com/photo.php?fbid=1201055902058394&set=pb.100064619866357.-2207520000&type=3","https://scontent-ams2-1.xx.fbcdn.net/v/t39.30808-6/530531212_1201055908725060_3480602150333883986_n.jpg?stp=cp6_dst-jpg_tt6&cstp=mx960x720&ctp=s960x720&_nc_cat=102&ccb=1-7&_nc_sid=127cfc&_nc_ohc=o1wjxQy03dwQ7kNvwHQn7Ta&_nc_oc=AdrcmfdlmIbvvsUmdCJ3piF776n98JmnQlKulIinqtoj9IZXmMEL3b17hSOTgGkojzg&_nc_zt=23&_nc_ht=scontent-ams2-1.xx&_nc_gid=6GZnvuloNJxXfWvDYxV99g&_nc_ss=782a8&oh=00_AQFwJOO3t0ya8JZmByjs-igIatlNjvV3ZtHR2iSDFMvHcA&oe=6A7A4E4F","530531212_1201055908725060_3480602150333883986_n.jpg","No photo description available."
"24","1201055858725065","stutes-facebook-024-1201055858725065.jpg","720","960","https://www.facebook.com/photo.php?fbid=1201055858725065&set=pb.100064619866357.-2207520000&type=3","https://scontent-ams2-1.xx.fbcdn.net/v/t39.30808-6/530829721_1201055865391731_6004668016091822671_n.jpg?stp=cp6_dst-jpg_tt6&cstp=mx720x960&ctp=s720x960&_nc_cat=111&ccb=1-7&_nc_sid=127cfc&_nc_ohc=LssM5B8xMeIQ7kNvwEprgVW&_nc_oc=AdoEzdm1pnbOjhuf8wINvEvuNGvLn6CmX1TrlKQQnHMQTsPdMRY43BZITZ8piDj9xk4&_nc_zt=23&_nc_ht=scontent-ams2-1.xx&_nc_gid=SddXl7b41Xuw-ap7c2wPuA&_nc_ss=782a8&oh=00_AQE6HolM_2Pa8aw8Z63Yw_gw_AXt3P-nDFcGrVN2bCikcg&oe=6A7A4F2F","530829721_1201055865391731_6004668016091822671_n.jpg","No photo description available."
"25","1201055812058403","stutes-facebook-025-1201055812058403.jpg","720","960","https://www.facebook.com/photo.php?fbid=1201055812058403&set=pb.100064619866357.-2207520000&type=3","https://scontent-ams2-1.xx.fbcdn.net/v/t39.30808-6/530378283_1201055822058402_5086293649345046178_n.jpg?stp=cp6_dst-jpg_tt6&cstp=mx720x960&ctp=s720x960&_nc_cat=102&ccb=1-7&_nc_sid=127cfc&_nc_ohc=MlzdbgcHhSEQ7kNvwFRahjE&_nc_oc=AdpeNfSch2zzrZammyUmi7tQ43KhTy0WtuM4X4rzgvhmAyXlEe78RNTYVioRSlydE0M&_nc_zt=23&_nc_ht=scontent-ams2-1.xx&_nc_gid=dlcKijpZUP655-jzxWtx1A&_nc_ss=782a8&oh=00_AQEVhS5Cb6H93molFzIfW1Jyx1iVHw2azgOiTTbj--gctw&oe=6A7A6C04","530378283_1201055822058402_5086293649345046178_n.jpg","No photo description available."
"26","1201055772058407","stutes-facebook-026-1201055772058407.jpg","720","960","https://www.facebook.com/photo.php?fbid=1201055772058407&set=pb.100064619866357.-2207520000&type=3","https://scontent-ams2-1.xx.fbcdn.net/v/t39.30808-6/531324425_1201055775391740_8533245239986918035_n.jpg?stp=cp6_dst-jpg_tt6&cstp=mx720x960&ctp=s720x960&_nc_cat=100&ccb=1-7&_nc_sid=127cfc&_nc_ohc=_sJ3muVPUbMQ7kNvwGG7PyJ&_nc_oc=AdpSgnnfARvhiLRe1rNCUY3da2fiNKBWoqYit89YSS4Ks9vwD4C1_35m7ubfGZRcs68&_nc_zt=23&_nc_ht=scontent-ams2-1.xx&_nc_gid=7_t3puLv0oUWJ21U-yVEPA&_nc_ss=782a8&oh=00_AQHBhKdYAYK4bl1IM2Qy81PcypNN9qhEOuI6PPXMFPsiIQ&oe=6A7A4E70","531324425_1201055775391740_8533245239986918035_n.jpg","No photo description available."
"27","1201055728725078","stutes-facebook-027-1201055728725078.jpg","720","960","https://www.facebook.com/photo.php?fbid=1201055728725078&set=pb.100064619866357.-2207520000&type=3","https://scontent-ams2-1.xx.fbcdn.net/v/t39.30808-6/530687754_1201055732058411_8037998256502584984_n.jpg?stp=cp6_dst-jpg_tt6&cstp=mx720x960&ctp=s720x960&_nc_cat=103&ccb=1-7&_nc_sid=127cfc&_nc_ohc=uJnvSxEn72oQ7kNvwH5y7Op&_nc_oc=AdoB2GMBWDbQbBpfz-gQ4hacTYjsbbRZs8CqM-Mj4PCjxei0wbgtsdxlFqv9WLO6BZA&_nc_zt=23&_nc_ht=scontent-ams2-1.xx&_nc_gid=K36qY_3RL5SAfLEY3AGO2Q&_nc_ss=782a8&oh=00_AQF3WQpgBaDqUwFgYjUfC4CimiMYSaHV1V7Liub-QJ6-Sw&oe=6A7A7641","530687754_1201055732058411_8037998256502584984_n.jpg","No photo description available."
"28","1201055682058416","stutes-facebook-028-1201055682058416.jpg","720","960","https://www.facebook.com/photo.php?fbid=1201055682058416&set=pb.100064619866357.-2207520000&type=3","https://scontent-ams2-1.xx.fbcdn.net/v/t39.30808-6/531977800_1201055688725082_6141590696095080559_n.jpg?stp=cp6_dst-jpg_tt6&cstp=mx720x960&ctp=s720x960&_nc_cat=103&ccb=1-7&_nc_sid=127cfc&_nc_ohc=Qj3B5Iw6l_EQ7kNvwFRQM55&_nc_oc=AdqRICj53bDv54dwNW3kcQO7oukzPoq8Wznem7e9ykGRmOObFSlvJznK67PutqU4Ki4&_nc_zt=23&_nc_ht=scontent-ams2-1.xx&_nc_gid=ZF2_rj1MLWWeYSo0U68gmw&_nc_ss=782a8&oh=00_AQHkaEUkkW4M2P-T4eBihxadvR74OXMGBm-y8sM9fMuClQ&oe=6A7A5280","531977800_1201055688725082_6141590696095080559_n.jpg","No photo description available."
"29","1099221378908514","stutes-facebook-029-1099221378908514.jpg","810","1080","https://www.facebook.com/photo.php?fbid=1099221378908514&set=pb.100064619866357.-2207520000&type=3","https://scontent-ams2-1.xx.fbcdn.net/v/t39.30808-6/489702197_1099221518908500_5541585223454540842_n.jpg?stp=dst-jpg_tt6&cstp=mx810x1080&ctp=s810x1080&_nc_cat=101&ccb=1-7&_nc_sid=833d8c&_nc_ohc=xPce5-rLqRUQ7kNvwHLEBFy&_nc_oc=Adq-nx-I9l0ELRhzXDl2-YIwkfQxBgE9-AziH1NojlGiCclitMim-P03M1BUnkikswo&_nc_zt=23&_nc_ht=scontent-ams2-1.xx&_nc_gid=7VJ5DES1mrfEW2kwEV30vA&_nc_ss=782a8&oh=00_AQFZMYW9ImDzN6p1fuMozAthWmYqQ2f4yVu0MPQDTBAu6w&oe=6A7A5703","489702197_1099221518908500_5541585223454540842_n.jpg","No photo description available."
"30","1099221302241855","stutes-facebook-030-1099221302241855.jpg","810","1080","https://www.facebook.com/photo.php?fbid=1099221302241855&set=pb.100064619866357.-2207520000&type=3","https://scontent-ams2-1.xx.fbcdn.net/v/t39.30808-6/490346172_1099221492241836_6048706419940214012_n.jpg?stp=dst-jpg_tt6&cstp=mx810x1080&ctp=s810x1080&_nc_cat=105&ccb=1-7&_nc_sid=833d8c&_nc_ohc=XSk-7LQrVYwQ7kNvwHvBEtX&_nc_oc=AdosNeaBW0-8hi4_wqWFYHxsgpEnDvl7J8RseXHacoXCCO_BRa5_taEYIBwL4Ffd3u8&_nc_zt=23&_nc_ht=scontent-ams2-1.xx&_nc_gid=OMJZnrEr3UbDRFjm99v20A&_nc_ss=782a8&oh=00_AQHbScRMBRTdQPZFUaISoWdsCgap7lrno_JkRbsoOtlFKQ&oe=6A7A6534","490346172_1099221492241836_6048706419940214012_n.jpg","No photo description available."
"31","1099221285575190","stutes-facebook-031-1099221285575190.jpg","810","1080","https://www.facebook.com/photo.php?fbid=1099221285575190&set=pb.100064619866357.-2207520000&type=3","https://scontent-ams2-1.xx.fbcdn.net/v/t39.30808-6/490294410_1099221488908503_4267722290436760328_n.jpg?stp=dst-jpg_tt6&cstp=mx810x1080&ctp=s810x1080&_nc_cat=101&ccb=1-7&_nc_sid=833d8c&_nc_ohc=4Od4klbw7B8Q7kNvwFguazJ&_nc_oc=AdrNQWgQ8j6L6YosDCOjRc7Vf0Ws1n0uEGGqTwQSTVPDOi3vPM2-CO_Sp-VnvFFrHNk&_nc_zt=23&_nc_ht=scontent-ams2-1.xx&_nc_gid=JG3ANL4QFj5_EXLjDYwsIA&_nc_ss=782a8&oh=00_AQEovKOMOk2nxmTDwYOX0HDPxAuhfRmKdm1L9AAjITg5bA&oe=6A7A5D0D","490294410_1099221488908503_4267722290436760328_n.jpg","No photo description available."
"32","1066174102213242","stutes-facebook-032-1066174102213242.jpg","810","1080","https://www.facebook.com/photo.php?fbid=1066174102213242&set=pb.100064619866357.-2207520000&type=3","https://scontent-ams2-1.xx.fbcdn.net/v/t39.30808-6/487440360_1089744849856167_4107509246535329379_n.jpg?stp=dst-jpg_tt6&cstp=mx810x1080&ctp=s810x1080&_nc_cat=107&ccb=1-7&_nc_sid=833d8c&_nc_ohc=7HP1MZYCaBoQ7kNvwGWOYK-&_nc_oc=AdrkPMUrXUYJ6oMYluRVicvI6CWyauZrBdg06zpz9ZE-r3ZFGYNIXRwtz15yBqQWE44&_nc_zt=23&_nc_ht=scontent-ams2-1.xx&_nc_gid=Hox3J4-MsnokTDvAoLDkMQ&_nc_ss=782a8&oh=00_AQHA2Nn7pPBIcBKIAcrihqenC_jcARqbBsf5VTdfmQ7lng&oe=6A7A5C1A","487440360_1089744849856167_4107509246535329379_n.jpg","No photo description available."
"33","1066174075546578","stutes-facebook-033-1066174075546578.jpg","1080","810","https://www.facebook.com/photo.php?fbid=1066174075546578&set=pb.100064619866357.-2207520000&type=3","https://scontent-ams2-1.xx.fbcdn.net/v/t39.30808-6/487138990_1089745166522802_2473110426699214999_n.jpg?stp=dst-jpg_tt6&cstp=mx1080x810&ctp=s1080x810&_nc_cat=103&ccb=1-7&_nc_sid=833d8c&_nc_ohc=jSjMTIcEcXMQ7kNvwG2e5Ca&_nc_oc=AdrNbygC9fQgtEKa_H9SPxl0oFN_iJs_cv1JwYtKR4Ct0foUdrISAGYqHDuLdAJon-4&_nc_zt=23&_nc_ht=scontent-ams2-1.xx&_nc_gid=zXNqsP8T8iYz6FPHbJbFqw&_nc_ss=782a8&oh=00_AQGrj954sm2QnwwMyyBtk9QK9OLeLab_P4Q_Y1Hwfq-owg&oe=6A7A478C","487138990_1089745166522802_2473110426699214999_n.jpg","No photo description available."
"34","1066174045546581","stutes-facebook-034-1066174045546581.jpg","1080","810","https://www.facebook.com/photo.php?fbid=1066174045546581&set=pb.100064619866357.-2207520000&type=3","https://scontent-ams2-1.xx.fbcdn.net/v/t39.30808-6/487517090_1089743033189682_5837506657832307450_n.jpg?stp=dst-jpg_tt6&cstp=mx1080x810&ctp=s1080x810&_nc_cat=100&ccb=1-7&_nc_sid=833d8c&_nc_ohc=GhKvG8rhrJkQ7kNvwGpZMDx&_nc_oc=Adoa_QZ4hQvMfLfkKskMnd9yAOqkZBxqDkiDycQpXWBt6vmkRs7NiYvc_Sa5Sqd18vk&_nc_zt=23&_nc_ht=scontent-ams2-1.xx&_nc_gid=2m5zO-UYkDvYm1AJ3dP8XQ&_nc_ss=782a8&oh=00_AQGFLniAhgBt7RG7FEe1BFQoL95FIZnjhP-49Eqlk9H9bw&oe=6A7A680E","487517090_1089743033189682_5837506657832307450_n.jpg","No photo description available."
"35","938318861665434","stutes-facebook-035-938318861665434.jpg","1125","1573","https://www.facebook.com/photo.php?fbid=938318861665434&set=pb.100064619866357.-2207520000&type=3","https://scontent-ams2-1.xx.fbcdn.net/v/t39.30808-6/497886430_9873831502696745_6414311209050744163_n.jpg?stp=cp6_dst-jpg_tt6&cstp=mx1125x1573&ctp=s1125x1573&_nc_cat=111&ccb=1-7&_nc_sid=127cfc&_nc_ohc=6hkfq8c-jVUQ7kNvwHVkw7g&_nc_oc=Adq4VALLQ6Oc77qwYngmhFtJVpnKXQ-LI5xLgLYQctv7Tl_5XmiqDjawV6XbsgZZcA4&_nc_zt=23&_nc_ht=scontent-ams2-1.xx&_nc_gid=Ylmbk-FDPFkVad4PQGOAxg&_nc_ss=782a8&oh=00_AQGhYamboY-w-p-Og_40iapEUBesNwVlz8K3WBTbueX4Uw&oe=6A7A61F8","497886430_9873831502696745_6414311209050744163_n.jpg","No photo description available."
"36","938318858332101","stutes-facebook-036-938318858332101.jpg","960","421","https://www.facebook.com/photo.php?fbid=938318858332101&set=pb.100064619866357.-2207520000&type=3","https://scontent-ams2-1.xx.fbcdn.net/v/t39.30808-6/499257371_9873831572696738_2725672437229345910_n.jpg?stp=dst-jpg_tt6&cstp=mx960x421&ctp=s960x421&_nc_cat=109&ccb=1-7&_nc_sid=127cfc&_nc_ohc=c11aoONr6NsQ7kNvwH03sJg&_nc_oc=AdpxqpQ4y_EybKlCJs5sqTJeaobL0imzWHWRLRos1rBBl9EAvlYQSsepDjEr7vVzO7I&_nc_zt=23&_nc_ht=scontent-ams2-1.xx&_nc_gid=hlnGTxSc8ysAlpUrzEvGfA&_nc_ss=782a8&oh=00_AQH8luEZSHXuSikX5uaeJOJ9w4-fCI3xKaft_CyOonI3tg&oe=6A7A6D84","499257371_9873831572696738_2725672437229345910_n.jpg","No photo description available."
"37","918690546961599","stutes-facebook-037-918690546961599.jpg","2000","1500","https://www.facebook.com/photo.php?fbid=918690546961599&set=pb.100064619866357.-2207520000&type=3","https://scontent-ams2-1.xx.fbcdn.net/v/t39.30808-6/495580485_9822642561148973_6185292426899352976_n.jpg?stp=dst-jpg_tt6&cstp=mx2000x1500&ctp=s2000x1500&_nc_cat=109&ccb=1-7&_nc_sid=127cfc&_nc_ohc=F-jtEk-FSCAQ7kNvwFRKRqn&_nc_oc=Adqxa1uoVlymkR6HuvEFgvUa9Zr3EKpzj36rGMhPBDJhIEUtt2_wwuX6TiTkWlMyO40&_nc_zt=23&_nc_ht=scontent-ams2-1.xx&_nc_gid=_8pCKAk3iwYVfqjg68goqQ&_nc_ss=782a8&oh=00_AQH48qRYYEnNr3LtpYEFi9-79gONX5oNlYc2lHVo5N4wSA&oe=6A7A4C37","495580485_9822642561148973_6185292426899352976_n.jpg","No photo description available."
"38","918690543628266","stutes-facebook-038-918690543628266.jpg","1100","779","https://www.facebook.com/photo.php?fbid=918690543628266&set=pb.100064619866357.-2207520000&type=3","https://scontent-ams2-1.xx.fbcdn.net/v/t39.30808-6/497558778_9822642717815624_796341823061963260_n.jpg?stp=cp6_dst-jpg_tt6&cstp=mx1100x779&ctp=s1100x779&_nc_cat=102&ccb=1-7&_nc_sid=127cfc&_nc_ohc=pPN7tdHwzacQ7kNvwFbmo_6&_nc_oc=Adq4zsjRQfeaUfZe7b3s6APNE6N1YmJ2o4BDJQsjzOMG2DCXgdLWxL9QJAbQmJs_PMI&_nc_zt=23&_nc_ht=scontent-ams2-1.xx&_nc_gid=EJYxGIhj73KRaRHaZI_g5Q&_nc_ss=782a8&oh=00_AQGp6N7qz5o9PGcgCgnD6c9wDZalVE3mBdOSrdKHvDFwLA&oe=6A7A6899","497558778_9822642717815624_796341823061963260_n.jpg","No photo description available."
"39","918690540294933","stutes-facebook-039-918690540294933.jpg","1500","2000","https://www.facebook.com/photo.php?fbid=918690540294933&set=pb.100064619866357.-2207520000&type=3","https://scontent-ams2-1.xx.fbcdn.net/v/t39.30808-6/495631017_9822642597815636_232112331316185237_n.jpg?stp=dst-jpg_tt6&cstp=mx1500x2000&ctp=s1500x2000&_nc_cat=104&ccb=1-7&_nc_sid=127cfc&_nc_ohc=mjig92avC60Q7kNvwGHoPq0&_nc_oc=AdqHnXmNKFqAHnJanSkcJDC23394nOtSUSHwvKsyt5fgqd1r6LgQ4vKTAPe4DrZSxz4&_nc_zt=23&_nc_ht=scontent-ams2-1.xx&_nc_gid=6-hhx7ntVnBNqriJU6Vrxg&_nc_ss=782a8&oh=00_AQHwqEzzgZleBO6J90UAX9Bod8nYCP4wEsVn8k93njnI4Q&oe=6A7A4CC2","495631017_9822642597815636_232112331316185237_n.jpg","No photo description available."
"40","918690536961600","stutes-facebook-040-918690536961600.jpg","1500","2000","https://www.facebook.com/photo.php?fbid=918690536961600&set=pb.100064619866357.-2207520000&type=3","https://scontent-ams2-1.xx.fbcdn.net/v/t39.30808-6/496107418_9822642657815630_1517539758881579867_n.jpg?stp=dst-jpg_tt6&cstp=mx1500x2000&ctp=s1500x2000&_nc_cat=106&ccb=1-7&_nc_sid=127cfc&_nc_ohc=ZztrDJJrk3kQ7kNvwGi7OVX&_nc_oc=AdrrjsaeCganJtAzK1tnPdQJB_TAkeZoTM6_kROwGfh6cht4mVyi-K5a4krRa0LXaEo&_nc_zt=23&_nc_ht=scontent-ams2-1.xx&_nc_gid=eOP_0nYgANOq2qTODl4BBg&_nc_ss=782a8&oh=00_AQHN2adDzmTBxq9YpnFvW9fkeMTM_D9C4Pl41slLHv1Cqw&oe=6A7A670B","496107418_9822642657815630_1517539758881579867_n.jpg","No photo description available."
"41","918690533628267","stutes-facebook-041-918690533628267.jpg","1002","741","https://www.facebook.com/photo.php?fbid=918690533628267&set=pb.100064619866357.-2207520000&type=3","https://scontent-ams2-1.xx.fbcdn.net/v/t39.30808-6/495532653_9822642591148970_5331224249218757506_n.jpg?stp=cp6_dst-jpg_tt6&cstp=mx1002x741&ctp=s1002x741&_nc_cat=108&ccb=1-7&_nc_sid=127cfc&_nc_ohc=X3Ir0MgkA74Q7kNvwFhr9Fe&_nc_oc=AdomgDDVht2LKTyIm8BdafM6HyfhbYymdiy7wltGmKdvtYX86LctkUa5QKJE2U6V0Bo&_nc_zt=23&_nc_ht=scontent-ams2-1.xx&_nc_gid=3xUaHDnE9-YMcYpjAwjjqA&_nc_ss=782a8&oh=00_AQHpUEuSMzEc3Qo2Kfhb8rr0j6E7-uOYGei2Q7a8e0H8-Q&oe=6A7A4D34","495532653_9822642591148970_5331224249218757506_n.jpg","No photo description available."
"42","918690530294934","stutes-facebook-042-918690530294934.jpg","1125","833","https://www.facebook.com/photo.php?fbid=918690530294934&set=pb.100064619866357.-2207520000&type=3","https://scontent-ams2-1.xx.fbcdn.net/v/t39.30808-6/495447059_9822642744482288_8051429346225461075_n.jpg?stp=cp6_dst-jpg_tt6&cstp=mx1125x833&ctp=s1125x833&_nc_cat=104&ccb=1-7&_nc_sid=127cfc&_nc_ohc=w0j9ilLydMwQ7kNvwHySXjo&_nc_oc=AdqI9r1VyNYx0aoN7atgAzIMiKgDkzUT9OwYpBsJaEFp4f-fktKJS5zYzbDxYgXtfFc&_nc_zt=23&_nc_ht=scontent-ams2-1.xx&_nc_gid=t51egG5kdNIK47Q1Hb16JQ&_nc_ss=782a8&oh=00_AQF2TTNNlz7ux7xe-RO6_AHgmg1BoMY2nWIlXgzbFZih3Q&oe=6A7A5C04","495447059_9822642744482288_8051429346225461075_n.jpg","No photo description available."
"43","918690526961601","stutes-facebook-043-918690526961601.jpg","1125","899","https://www.facebook.com/photo.php?fbid=918690526961601&set=pb.100064619866357.-2207520000&type=3","https://scontent-ams2-1.xx.fbcdn.net/v/t39.30808-6/495670078_9822642587815637_6984164040917088034_n.jpg?stp=cp6_dst-jpg_tt6&cstp=mx1125x899&ctp=s1125x899&_nc_cat=110&ccb=1-7&_nc_sid=127cfc&_nc_ohc=frsOxCcOzl4Q7kNvwGCbnyf&_nc_oc=AdqLOzgWTnsGbXE0RUmH7Yx3Di6P1rptQ98FUPDsx7eENmgH7-1G4943H_KMaVBMuTk&_nc_zt=23&_nc_ht=scontent-ams2-1.xx&_nc_gid=T2bHKIJzS5T8-WvIicC2SA&_nc_ss=782a8&oh=00_AQFNhJ8u9gRZG5EYapAebcCVsYmeoaQZKJQH8g2xQ8B9iA&oe=6A7A605F","495670078_9822642587815637_6984164040917088034_n.jpg","No photo description available."
"44","918690523628268","stutes-facebook-044-918690523628268.jpg","2000","1500","https://www.facebook.com/photo.php?fbid=918690523628268&set=pb.100064619866357.-2207520000&type=3","https://scontent-ams2-1.xx.fbcdn.net/v/t39.30808-6/497633713_9822642634482299_2897635517910064721_n.jpg?stp=dst-jpg_tt6&cstp=mx2000x1500&ctp=s2000x1500&_nc_cat=109&ccb=1-7&_nc_sid=127cfc&_nc_ohc=Nv2xjcxZP0oQ7kNvwHhKEkx&_nc_oc=Adq73qxYx-zm5kd3E2F4YWcbTilRMHa94-CIxj9zr1Doif7iEWVUd1cPXoJBmRz7zFk&_nc_zt=23&_nc_ht=scontent-ams2-1.xx&_nc_gid=13vn8L4H23G6UBnWnoH9yg&_nc_ss=782a8&oh=00_AQHa83PD9hCB4yDsb7axgYcM9-s19BOLaZlbt0AujJlboA&oe=6A7A5459","497633713_9822642634482299_2897635517910064721_n.jpg","No photo description available."
"45","911020611061926","stutes-facebook-045-911020611061926.jpg","1106","2048","https://www.facebook.com/photo.php?fbid=911020611061926&set=pb.100064619866357.-2207520000&type=3","https://scontent-ams2-1.xx.fbcdn.net/v/t39.30808-6/495366325_9749058895174007_6701741063445713998_n.jpg?stp=cp6_dst-jpg_tt6&cstp=mx1106x2048&ctp=s1106x2048&_nc_cat=101&ccb=1-7&_nc_sid=833d8c&_nc_ohc=r5-ojJH3YfUQ7kNvwHO-cpq&_nc_oc=AdrOKTVjYrelUyQGpnBFa3qZ37inw5AzDZUx_BJxOkY3QvNnMzvBnH-CUZhuWg-_fbI&_nc_zt=23&_nc_ht=scontent-ams2-1.xx&_nc_gid=g0Vbpqj01g_nD8axmty4MQ&_nc_ss=782a8&oh=00_AQFHCL4R6G_iCI7WkjQZalVejgflKN-NG27B73VTC9ZwEA&oe=6A7A4601","495366325_9749058895174007_6701741063445713998_n.jpg","No photo description available."
"46","903284368502217","stutes-facebook-046-903284368502217.jpg","1080","1080","https://www.facebook.com/photo.php?fbid=903284368502217&set=pb.100064619866357.-2207520000&type=3","https://scontent-ams2-1.xx.fbcdn.net/v/t39.30808-6/485731012_1082693653894620_2804703150295854301_n.jpg?stp=dst-jpg_tt6&cstp=mx1080x1080&ctp=s1080x1080&_nc_cat=108&ccb=1-7&_nc_sid=833d8c&_nc_ohc=n88PEDO__L8Q7kNvwHVaEAa&_nc_oc=AdrQSE0HfqtmwI61wdEC9P-G3jKGpq6W0Y_mtC-VkcbR3_9E2t399d4Nxw-bV3zOA4Q&_nc_zt=23&_nc_ht=scontent-ams2-1.xx&_nc_gid=raQblCQp3KwArs8CX9OKFg&_nc_ss=782a8&oh=00_AQE-4VtLvYVEdy3N0VEofk4aYPwPho316RcA-_l02CkEZw&oe=6A7A64D1","485731012_1082693653894620_2804703150295854301_n.jpg","No photo description available."
"47","897597429070911","stutes-facebook-047-897597429070911.jpg","1536","2048","https://www.facebook.com/photo.php?fbid=897597429070911&set=pb.100064619866357.-2207520000&type=3","https://scontent-ams2-1.xx.fbcdn.net/v/t39.30808-6/486281142_1082209703943015_1484028361898754333_n.jpg?stp=cp6_dst-jpg_tt6&cstp=mx1536x2048&ctp=s1536x2048&_nc_cat=101&ccb=1-7&_nc_sid=127cfc&_nc_ohc=vLeSvDdJ48YQ7kNvwEKzCF-&_nc_oc=AdqHU2nWHlAsfBGtjywey-MySaqSdFNqHPgHBf42k4fFgPdfjecVWqkEamR0JYXZ5qI&_nc_zt=23&_nc_ht=scontent-ams2-1.xx&_nc_gid=-qmu7ZFYLaEdzQeBfmRVAQ&_nc_ss=782a8&oh=00_AQEmrm4jp9cpUzoZ4Yc3KLouIn3kx-hIfHDWPLyvNMrvZA&oe=6A7A4C63","486281142_1082209703943015_1484028361898754333_n.jpg","No photo description available."
"48","897597242404263","stutes-facebook-048-897597242404263.jpg","960","720","https://www.facebook.com/photo.php?fbid=897597242404263&set=pb.100064619866357.-2207520000&type=3","https://scontent-ams2-1.xx.fbcdn.net/v/t39.30808-6/486108354_1082209393943046_1635028019942530546_n.jpg?stp=dst-jpg_tt6&cstp=mx960x720&ctp=s960x720&_nc_cat=110&ccb=1-7&_nc_sid=127cfc&_nc_ohc=zj4bQEmqLREQ7kNvwEmLW09&_nc_oc=Adpr9BT585m0S1Q3UctFuzYVEqjwZxJWiR5XFaTXOgsr4h3Lze5ZAZk2x7ZuYN4OGak&_nc_zt=23&_nc_ht=scontent-ams2-1.xx&_nc_gid=77UfmLqbHDP5H6vPx7jb1g&_nc_ss=782a8&oh=00_AQFWKN43W9ymP7NiLBQj-5sH_pK0Y71UjNHxUBdkOWcTqg&oe=6A7A53E5","486108354_1082209393943046_1635028019942530546_n.jpg","No photo description available."
"49","897597065737614","stutes-facebook-049-897597065737614.jpg","1080","1080","https://www.facebook.com/photo.php?fbid=897597065737614&set=pb.100064619866357.-2207520000&type=3","https://scontent-ams2-1.xx.fbcdn.net/v/t39.30808-6/485355251_1082209533943032_3077323981741540748_n.jpg?stp=dst-jpg_tt6&cstp=mx1080x1080&ctp=s1080x1080&_nc_cat=106&ccb=1-7&_nc_sid=127cfc&_nc_ohc=2T7w1J4s72UQ7kNvwGwnQ9K&_nc_oc=AdrSSntKX5aKM7NUF4stXXH2jeLDxq_7Q5OkStAMyAPCHm27l8i06E8OTi2DmKaKcCI&_nc_zt=23&_nc_ht=scontent-ams2-1.xx&_nc_gid=ZurJPiRkZpa-j1Uvk2u7kg&_nc_ss=782a8&oh=00_AQG87OfYE7M7hpc2Pn4WTUrXJuo6WOMEK_N4QqHGr1xEbw&oe=6A7A6C2C","485355251_1082209533943032_3077323981741540748_n.jpg","No photo description available."
"50","844866084344046","stutes-facebook-050-844866084344046.jpg","1125","1942","https://www.facebook.com/photo.php?fbid=844866084344046&set=pb.100064619866357.-2207520000&type=3","https://scontent-ams2-1.xx.fbcdn.net/v/t39.30808-6/485659044_1080654460765206_6149274531247082300_n.jpg?stp=cp6_dst-jpg_tt6&cstp=mx1125x1942&ctp=s1125x1942&_nc_cat=103&ccb=1-7&_nc_sid=833d8c&_nc_ohc=yBkDYJ1V5TwQ7kNvwH4LyFz&_nc_oc=AdoaQ4vQcGJWpLZnXQWFxVylEv8UeJ-lt6p9oVSuKVKdxPpRVaTp5WEqbWpBWzznqnE&_nc_zt=23&_nc_ht=scontent-ams2-1.xx&_nc_gid=W7Zuc9HYGdtK6Cs_BoPRyw&_nc_ss=782a8&oh=00_AQHXdddwxgTiqCJ5tzaKZBYc_iDRtUoCUijqa82gh5ZP2Q&oe=6A7A74A6","485659044_1080654460765206_6149274531247082300_n.jpg","No photo description available."
"51","837609098403078","stutes-facebook-051-837609098403078.jpg","1536","2048","https://www.facebook.com/photo.php?fbid=837609098403078&set=pb.100064619866357.-2207520000&type=3","https://scontent-ams2-1.xx.fbcdn.net/v/t39.30808-6/485617291_1080633094100676_3983276758931643429_n.jpg?stp=cp6_dst-jpg_tt6&cstp=mx1536x2048&ctp=s1536x2048&_nc_cat=105&ccb=1-7&_nc_sid=833d8c&_nc_ohc=fIs2kt0vVc8Q7kNvwHmQlUg&_nc_oc=Adrw375SVPlz7w4G2OtmNNwNoQ-HT6b2XM77_TSelqCmixeymPSVHtV-UCeBKrtuh_w&_nc_zt=23&_nc_ht=scontent-ams2-1.xx&_nc_gid=T1_TQVO7Sh9cZVulyRdS3A&_nc_ss=782a8&oh=00_AQHYX8Y857w2NMFlxJJI_8QDikp0nOSyWS5ib7PGuav8Xw&oe=6A7A5535","485617291_1080633094100676_3983276758931643429_n.jpg","No photo description available."
"52","837609071736414","stutes-facebook-052-837609071736414.jpg","1536","2048","https://www.facebook.com/photo.php?fbid=837609071736414&set=pb.100064619866357.-2207520000&type=3","https://scontent-ams2-1.xx.fbcdn.net/v/t39.30808-6/485402834_1080633087434010_8005533718024849053_n.jpg?stp=cp6_dst-jpg_tt6&cstp=mx1536x2048&ctp=s1536x2048&_nc_cat=100&ccb=1-7&_nc_sid=833d8c&_nc_ohc=us1PugTHHBIQ7kNvwFetFEL&_nc_oc=Adq4sj27W3u9VLkzZqvb0zyP9EuLS9_Dwa_CzMHSMSOZLEahDF5RuWUpPoIdHE9fI2I&_nc_zt=23&_nc_ht=scontent-ams2-1.xx&_nc_gid=n8cS0uAx3BV3wo3PGIf0Rg&_nc_ss=782a8&oh=00_AQGJCsbUONWWxrdDESQnOdxOiulzNr7qhfNWHgS8cdMBHw&oe=6A7A505F","485402834_1080633087434010_8005533718024849053_n.jpg","No photo description available."
"53","837605538403434","stutes-facebook-053-837605538403434.jpg","1536","2048","https://www.facebook.com/photo.php?fbid=837605538403434&set=pb.100064619866357.-2207520000&type=3","https://scontent-ams2-1.xx.fbcdn.net/v/t39.30808-6/485343976_1080633004100685_2896231609134268722_n.jpg?stp=cp6_dst-jpg_tt6&cstp=mx1536x2048&ctp=s1536x2048&_nc_cat=103&ccb=1-7&_nc_sid=833d8c&_nc_ohc=Jw8_0fILXPYQ7kNvwHdCRnC&_nc_oc=AdqKnYmb8R2gBS2qVk5qnMtk_kE2jcBwulCznG67AI_w7YuDvB-he3G0Zn5mmyT3bj4&_nc_zt=23&_nc_ht=scontent-ams2-1.xx&_nc_gid=rS-weF7RiT39RJJqTsmSEA&_nc_ss=782a8&oh=00_AQExVEnEgd37Hy1yNV--DMgiPYjK_K_gMgSx6k_sVv-6VQ&oe=6A7A69D4","485343976_1080633004100685_2896231609134268722_n.jpg","No photo description available."
"54","837605515070103","stutes-facebook-054-837605515070103.jpg","1536","2048","https://www.facebook.com/photo.php?fbid=837605515070103&set=pb.100064619866357.-2207520000&type=3","https://scontent-ams2-1.xx.fbcdn.net/v/t39.30808-6/485866976_1080632644100721_6572987273566381521_n.jpg?stp=cp6_dst-jpg_tt6&cstp=mx1536x2048&ctp=s1536x2048&_nc_cat=105&ccb=1-7&_nc_sid=833d8c&_nc_ohc=LidJExbGGTIQ7kNvwEVSNeM&_nc_oc=Adpmu12cuqHD6ioUsbRs4GVkup7ypbqVGhaknTHI87znga_MyhQAKqH67sKNF1roBIw&_nc_zt=23&_nc_ht=scontent-ams2-1.xx&_nc_gid=X7GTqR3s82-tfcydu6g2ew&_nc_ss=782a8&oh=00_AQEvYgiEprNqhir5XvofC7G9ZpLEPRcJY_ZweCifOEpl2A&oe=6A7A42C0","485866976_1080632644100721_6572987273566381521_n.jpg","No photo description available."
"55","811685834328738","stutes-facebook-055-811685834328738.jpg","1272","2048","https://www.facebook.com/photo.php?fbid=811685834328738&set=pb.100064619866357.-2207520000&type=3","https://scontent-ams2-1.xx.fbcdn.net/v/t39.30808-6/484645722_1079002310930421_4199576798696972977_n.jpg?stp=dst-jpg_tt6&cstp=mx1272x2048&ctp=s1272x2048&_nc_cat=100&ccb=1-7&_nc_sid=833d8c&_nc_ohc=C2oMcVKhaDAQ7kNvwGJMQZz&_nc_oc=AdoM4JfXzWSXCeBqCbvVU-6NfixoZ6m6CJhp67qT0hCaSfBTYxqv4FmEeFdOA-djwSM&_nc_zt=23&_nc_ht=scontent-ams2-1.xx&_nc_gid=CYkp5MauGo8RSyuu5OlIXg&_nc_ss=782a8&oh=00_AQE6K840qWWPvwSqa9rSPBsDya_6KN_wYXEnlI9ow_E2Zg&oe=6A7A634A","484645722_1079002310930421_4199576798696972977_n.jpg","No photo description available."
"56","793255586171763","stutes-facebook-056-793255586171763.jpg","2048","1536","https://www.facebook.com/photo.php?fbid=793255586171763&set=pb.100064619866357.-2207520000&type=3","https://scontent-ams2-1.xx.fbcdn.net/v/t39.30808-6/484282825_1078551067642212_4770833945491689908_n.jpg?stp=dst-jpg_tt6&cstp=mx2048x1536&ctp=s2048x1536&_nc_cat=108&ccb=1-7&_nc_sid=833d8c&_nc_ohc=7TwVcxhSfeAQ7kNvwGvpImK&_nc_oc=AdpllwRd1wXpTmTnlYknzI5Ko8pgD8SbQw-canlI4e0qHBr78PV9fg6ObdZrOoHzGAE&_nc_zt=23&_nc_ht=scontent-ams2-1.xx&_nc_gid=53ln-FiYHF74MTYqlZhn1g&_nc_ss=782a8&oh=00_AQEA_mZwSdWcxrA4fi04rzxoK_ceVm4868OfUMRjRDmCfw&oe=6A7A7862","484282825_1078551067642212_4770833945491689908_n.jpg","No photo description available."
"57","793255552838433","stutes-facebook-057-793255552838433.jpg","2048","1656","https://www.facebook.com/photo.php?fbid=793255552838433&set=pb.100064619866357.-2207520000&type=3","https://scontent-ams2-1.xx.fbcdn.net/v/t39.30808-6/484036968_1078551030975549_7300189426348521447_n.jpg?stp=dst-jpg_tt6&cstp=mx2048x1656&ctp=s2048x1656&_nc_cat=111&ccb=1-7&_nc_sid=833d8c&_nc_ohc=qdlxgdQdBhgQ7kNvwEtST3-&_nc_oc=AdoHWbqH30cZ2caQTcELl02B7_gHUz0ZkMDK4AHjkf8THIMWQUHvSdYq5NoieUVDyqE&_nc_zt=23&_nc_ht=scontent-ams2-1.xx&_nc_gid=rtGTOwu-mujh_fuC5h6jxQ&_nc_ss=782a8&oh=00_AQHQGV7a9AB3_Rrrtc1XJ3ziwy8cWpgft1x7A7p91liAJw&oe=6A7A6698","484036968_1078551030975549_7300189426348521447_n.jpg","No photo description available."
"58","793255529505102","stutes-facebook-058-793255529505102.jpg","960","880","https://www.facebook.com/photo.php?fbid=793255529505102&set=pb.100064619866357.-2207520000&type=3","https://scontent-ams2-1.xx.fbcdn.net/v/t39.30808-6/484208294_1078551200975532_6095105057810431407_n.jpg?stp=cp6_dst-jpg_tt6&cstp=mx960x880&ctp=s960x880&_nc_cat=105&ccb=1-7&_nc_sid=833d8c&_nc_ohc=RO7rE0v3HQoQ7kNvwFV-ssI&_nc_oc=AdoTZxtVnWBM8VXpkC91J3cFb9D86wLS67bGmq19hcSqMbIv0XQq6AddADjdEqaFn9o&_nc_zt=23&_nc_ht=scontent-ams2-1.xx&_nc_gid=4Fq_uQdIWBbBNYhRU3_gDQ&_nc_ss=782a8&oh=00_AQFrRdy03CBB1NwtaWzwx6n8Snr7F4WHYLEDr5aIzlSDBQ&oe=6A7A6272","484208294_1078551200975532_6095105057810431407_n.jpg","No photo description available."
"59","762240855939903","stutes-facebook-059-762240855939903.jpg","1536","2048","https://www.facebook.com/photo.php?fbid=762240855939903&set=pb.100064619866357.-2207520000&type=3","https://scontent-ams2-1.xx.fbcdn.net/v/t39.30808-6/484438007_1077997581030894_8023332303880982526_n.jpg?stp=cp6_dst-jpg_tt6&cstp=mx1536x2048&ctp=s1536x2048&_nc_cat=102&ccb=1-7&_nc_sid=833d8c&_nc_ohc=tzvSlhXSoksQ7kNvwH8ILQr&_nc_oc=Ado2AR2NB-1SSqLV-A5vYEHvWsEF8ajb8peQPM3PiRbYdjtYma-4XvmL1Mrud25lLKM&_nc_zt=23&_nc_ht=scontent-ams2-1.xx&_nc_gid=ptk-jCnz0LCuDnFNQo4p1g&_nc_ss=782a8&oh=00_AQFeiMD7v8ei7b8qaVI1IrCrUylV19gv4WsgjaQvmk6rkA&oe=6A7A4A77","484438007_1077997581030894_8023332303880982526_n.jpg","No photo description available."
"60","750670380430284","stutes-facebook-060-750670380430284.jpg","1630","2048","https://www.facebook.com/photo.php?fbid=750670380430284&set=pb.100064619866357.-2207520000&type=3","https://scontent-ams2-1.xx.fbcdn.net/v/t39.30808-6/484869154_1077362164427769_2650449847858873793_n.jpg?stp=cp6_dst-jpg_tt6&cstp=mx1630x2048&ctp=s1630x2048&_nc_cat=104&ccb=1-7&_nc_sid=833d8c&_nc_ohc=cBbDv_cbanYQ7kNvwGHtj_m&_nc_oc=AdqIJIuKiS7Bm0VPSQRKCrNH6JI5nymRPUTyV3Feoapk9ZOogKILTeGPrxqXJDtjP3o&_nc_zt=23&_nc_ht=scontent-ams2-1.xx&_nc_gid=-NaHuQ2d3O9s03m2MQsk2Q&_nc_ss=782a8&oh=00_AQE4n0Cm9v87Z5QzHYrgMSYkhlCCpKZJMC8lL_BXYhz6gQ&oe=6A7A68E7","484869154_1077362164427769_2650449847858873793_n.jpg","No photo description available."
"61","750670347096954","stutes-facebook-061-750670347096954.jpg","1762","2048","https://www.facebook.com/photo.php?fbid=750670347096954&set=pb.100064619866357.-2207520000&type=3","https://scontent-ams2-1.xx.fbcdn.net/v/t39.30808-6/484871180_1077362114427774_5895579316001337517_n.jpg?stp=cp6_dst-jpg_tt6&cstp=mx1762x2048&ctp=s1762x2048&_nc_cat=100&ccb=1-7&_nc_sid=833d8c&_nc_ohc=ymVXamqWGF0Q7kNvwHIkDFu&_nc_oc=AdpqbPRDz9GardZCIusRFGl9dq-VA4YSy7rhJbHdOHV-Bd8C-e7pFxemRNOG1OxwxRk&_nc_zt=23&_nc_ht=scontent-ams2-1.xx&_nc_gid=hxUzrb83jOwbenKc09yvSQ&_nc_ss=782a8&oh=00_AQGzo6ZHS5DGIIpBLCscY1owOp9tKhWPb6mbn3rrNt9G_g&oe=6A7A70D2","484871180_1077362114427774_5895579316001337517_n.jpg","No photo description available."
"62","750670320430290","stutes-facebook-062-750670320430290.jpg","1606","2048","https://www.facebook.com/photo.php?fbid=750670320430290&set=pb.100064619866357.-2207520000&type=3","https://scontent-ams2-1.xx.fbcdn.net/v/t39.30808-6/484298928_1077362101094442_4747616984737272336_n.jpg?stp=cp6_dst-jpg_tt6&cstp=mx1606x2048&ctp=s1606x2048&_nc_cat=105&ccb=1-7&_nc_sid=833d8c&_nc_ohc=78IjNKGZjxUQ7kNvwHfasqS&_nc_oc=AdqGMgvQttX_skR5MoMqSGsk_uNOydHMwNVAzR_FUGj3hc0mVDhjuDbBrlcoDnmSeRo&_nc_zt=23&_nc_ht=scontent-ams2-1.xx&_nc_gid=nf9q4H9Y4pQenphv9BffTg&_nc_ss=782a8&oh=00_AQGgGIlGUjKrxx-BmoOPs3dK110LVREigvYPxaA-YswXRQ&oe=6A7A612F","484298928_1077362101094442_4747616984737272336_n.jpg","No photo description available."
"63","750662083764447","stutes-facebook-063-750662083764447.jpg","1586","2048","https://www.facebook.com/photo.php?fbid=750662083764447&set=pb.100064619866357.-2207520000&type=3","https://scontent-ams2-1.xx.fbcdn.net/v/t39.30808-6/484568960_1077362167761102_8436394083672623641_n.jpg?stp=cp6_dst-jpg_tt6&cstp=mx1586x2048&ctp=s1586x2048&_nc_cat=104&ccb=1-7&_nc_sid=833d8c&_nc_ohc=4tn1WE97268Q7kNvwEcdi3l&_nc_oc=AdriSyLgnrT_pIQ6nm23BGBRrd4lDHi4Jd_UmyM1QPy9ybFyx1HJ-R24vZE7aCyZrOM&_nc_zt=23&_nc_ht=scontent-ams2-1.xx&_nc_gid=BaFQTalpnHm6-vOZry617g&_nc_ss=782a8&oh=00_AQFU45cpzWsMkCHH3IWCYxH8dbiUVySA4moDfzw60D7NIA&oe=6A7A7251","484568960_1077362167761102_8436394083672623641_n.jpg","No photo description available."
"64","750662060431116","stutes-facebook-064-750662060431116.jpg","1536","2048","https://www.facebook.com/photo.php?fbid=750662060431116&set=pb.100064619866357.-2207520000&type=3","https://scontent-ams2-1.xx.fbcdn.net/v/t39.30808-6/484563675_1077362204427765_5036897717663891369_n.jpg?stp=cp6_dst-jpg_tt6&cstp=mx1536x2048&ctp=s1536x2048&_nc_cat=104&ccb=1-7&_nc_sid=833d8c&_nc_ohc=x2vovJY-01QQ7kNvwFq7swS&_nc_oc=AdpUg8a6otrweVaO0pIFemrUqk1q6OvNHRudV-yCAV4BuD11bg0A8QRH_Vy-9BqmSBI&_nc_zt=23&_nc_ht=scontent-ams2-1.xx&_nc_gid=3webCJC8AanseYV7B7Zbug&_nc_ss=782a8&oh=00_AQHxw-pwf7lMEIFek_br161k5YqgpUVVqGvWvZ2D4Ab5cw&oe=6A7A6C6E","484563675_1077362204427765_5036897717663891369_n.jpg","No photo description available."
"65","743069011190421","stutes-facebook-065-743069011190421.jpg","2048","1778","https://www.facebook.com/photo.php?fbid=743069011190421&set=pb.100064619866357.-2207520000&type=3","https://scontent-ams2-1.xx.fbcdn.net/v/t39.30808-6/484135904_1077192774444708_7683134816608339850_n.jpg?stp=cp6_dst-jpg_tt6&cstp=mx2048x1778&ctp=s2048x1778&_nc_cat=110&ccb=1-7&_nc_sid=833d8c&_nc_ohc=oBV9QmY88PIQ7kNvwEO9dvV&_nc_oc=AdpHHS6ci31NBcnHDBcu72YVd2lWMjotV73aVuPOA8-sddOPSgwRbyDZfoypecU7Ahk&_nc_zt=23&_nc_ht=scontent-ams2-1.xx&_nc_gid=2LJ-pFG3aBFJudHnijwrQw&_nc_ss=782a8&oh=00_AQHoN-5PP7EVEUwIpuIcK806hIbCQGsaof2MWUCykt7AzQ&oe=6A7A6A14","484135904_1077192774444708_7683134816608339850_n.jpg","No photo description available."
"66","734839162013406","stutes-facebook-066-734839162013406.jpg","1272","2048","https://www.facebook.com/photo.php?fbid=734839162013406&set=pb.100064619866357.-2207520000&type=3","https://scontent-ams2-1.xx.fbcdn.net/v/t39.30808-6/482986908_1075352764628709_3386329421091121541_n.jpg?stp=cp6_dst-jpg_tt6&cstp=mx1272x2048&ctp=s1272x2048&_nc_cat=110&ccb=1-7&_nc_sid=833d8c&_nc_ohc=3X5IzN-AEo4Q7kNvwGaInW2&_nc_oc=Adrf4BC-PDdU4DQOZAoNhwDKQFfYNCl5B0DusnGkqF0PLqizo5mwcD5G6-qR0QrmZ9Y&_nc_zt=23&_nc_ht=scontent-ams2-1.xx&_nc_gid=iJrP0OV9t887zn1thXqpvw&_nc_ss=782a8&oh=00_AQEB2bnVO6hZXM-6PzdZgnB7kuzaUE3noBRPDzQjikoh4w&oe=6A7A4B9A","482986908_1075352764628709_3386329421091121541_n.jpg","No photo description available."
"67","733184922178830","stutes-facebook-067-733184922178830.jpg","1500","2000","https://www.facebook.com/photo.php?fbid=733184922178830&set=pb.100064619866357.-2207520000&type=3","https://scontent-ams2-1.xx.fbcdn.net/v/t39.30808-6/492166960_9671055246307706_568629799130626836_n.jpg?stp=cp6_dst-jpg_tt6&cstp=mx1500x2000&ctp=s1500x2000&_nc_cat=109&ccb=1-7&_nc_sid=833d8c&_nc_ohc=0UljDUmt764Q7kNvwEPPxuv&_nc_oc=AdqWaldPYubigfSLvK77ccXSW0I8h1i4r5uixEbJ9NpLK4jJs-xUSfLLV562fRvoToU&_nc_zt=23&_nc_ht=scontent-ams2-1.xx&_nc_gid=VVRDQiNS-EL575xHDUcf1w&_nc_ss=782a8&oh=00_AQFDD2r8HowGo4MjLHLpjTGZQlsixX_X5tOAtTJQJmqKbg&oe=6A7A53E0","492166960_9671055246307706_568629799130626836_n.jpg","No photo description available."
"68","719902963507026","stutes-facebook-068-719902963507026.jpg","756","1008","https://www.facebook.com/photo.php?fbid=719902963507026&set=pb.100064619866357.-2207520000&type=3","https://scontent-ams2-1.xx.fbcdn.net/v/t39.30808-6/483365392_1073212404842745_9188077738224276499_n.jpg?stp=dst-jpg_tt6&cstp=mx756x1008&ctp=s756x1008&_nc_cat=106&ccb=1-7&_nc_sid=833d8c&_nc_ohc=2RCK_YCN-W4Q7kNvwHiEuMg&_nc_oc=Ado7TiyKEGp_4dqGxXXvn65OXmhY06ig7FtwWmQI5hVSF1-TbJ_BPyUpRUMQs1AB7E4&_nc_zt=23&_nc_ht=scontent-ams2-1.xx&_nc_gid=YNC1yAZoguGdoF7MgFHBuw&_nc_ss=782a8&oh=00_AQESY-12SEk3rCS_9_hGWd4AG6LCaizorDniKhoKnGya9g&oe=6A7A7215","483365392_1073212404842745_9188077738224276499_n.jpg","No photo description available."
"69","719902940173695","stutes-facebook-069-719902940173695.jpg","756","1008","https://www.facebook.com/photo.php?fbid=719902940173695&set=pb.100064619866357.-2207520000&type=3","https://scontent-ams2-1.xx.fbcdn.net/v/t39.30808-6/483368017_1073212224842763_5390194243280991370_n.jpg?stp=dst-jpg_tt6&cstp=mx756x1008&ctp=s756x1008&_nc_cat=104&ccb=1-7&_nc_sid=833d8c&_nc_ohc=6ULrOuLyDTUQ7kNvwFSasya&_nc_oc=AdpXWj60ba2C134ss8ZCZhtFQHVu26rYqYsUWzoZynIx-1nXPdDiWjJfrG1jBw5Q_8k&_nc_zt=23&_nc_ht=scontent-ams2-1.xx&_nc_gid=2h03_QFhPVHrA9pd7AFEQA&_nc_ss=782a8&oh=00_AQFlbDq52NqwGrKRanH_S5-YQR6VHl2HROMHFhocn3GWXQ&oe=6A7A6497","483368017_1073212224842763_5390194243280991370_n.jpg","No photo description available."
"70","719716490192340","stutes-facebook-070-719716490192340.jpg","1366","2048","https://www.facebook.com/photo.php?fbid=719716490192340&set=pb.100064619866357.-2207520000&type=3","https://scontent-ams2-1.xx.fbcdn.net/v/t39.30808-6/482252942_1073210324842953_243533283794380552_n.jpg?stp=dst-jpg_tt6&cstp=mx1366x2048&ctp=s1366x2048&_nc_cat=107&ccb=1-7&_nc_sid=833d8c&_nc_ohc=00OF_5cMZMoQ7kNvwHBjCMk&_nc_oc=AdrccFmo30OLWGCQrWRcfjNFxu1pdk5MqglsbIXy4Xieql_2kkVDeF3NjG0B5v9TfeU&_nc_zt=23&_nc_ht=scontent-ams2-1.xx&_nc_gid=RCsb9LP8mLhUqSh6S-QEUQ&_nc_ss=782a8&oh=00_AQHjIwyN52SI3KvpByAE_2PXj_QBsBv5hlWlrBNIgzbFTQ&oe=6A7A4DA6","482252942_1073210324842953_243533283794380552_n.jpg","No photo description available."
"71","719716466859009","stutes-facebook-071-719716466859009.jpg","1366","2048","https://www.facebook.com/photo.php?fbid=719716466859009&set=pb.100064619866357.-2207520000&type=3","https://scontent-ams2-1.xx.fbcdn.net/v/t39.30808-6/481267841_1073210334842952_8573793597748019721_n.jpg?stp=dst-jpg_tt6&cstp=mx1366x2048&ctp=s1366x2048&_nc_cat=104&ccb=1-7&_nc_sid=833d8c&_nc_ohc=JQk23ietTPUQ7kNvwHrmFNm&_nc_oc=AdrM--81MhjT5HAJY1donTkgWdFs39fo5Nx2jqhyMJX-Mu3uwUw-mQP9k3NjYCVr9Wo&_nc_zt=23&_nc_ht=scontent-ams2-1.xx&_nc_gid=5oNMhknqPReWYpvsXYkiZw&_nc_ss=782a8&oh=00_AQFV5CPnJA1qEF0c5kkj6e78LVGo4ZlywrTB73hwdBNUMg&oe=6A7A7713","481267841_1073210334842952_8573793597748019721_n.jpg","No photo description available."
"72","719716436859012","stutes-facebook-072-719716436859012.jpg","2048","1366","https://www.facebook.com/photo.php?fbid=719716436859012&set=pb.100064619866357.-2207520000&type=3","https://scontent-ams2-1.xx.fbcdn.net/v/t39.30808-6/483508675_1073210361509616_4275343079930363606_n.jpg?stp=dst-jpg_tt6&cstp=mx2048x1366&ctp=s2048x1366&_nc_cat=101&ccb=1-7&_nc_sid=833d8c&_nc_ohc=TirjhmC3fmcQ7kNvwFmQMt5&_nc_oc=AdqbA7gs17FHGZ-ItTu2NC9C2AtyokRq0wOXeZvvvNgP26UvuzNMWRd_VTtKuWv7mx0&_nc_zt=23&_nc_ht=scontent-ams2-1.xx&_nc_gid=ymoMmbunk08hl-7o5iGecg&_nc_ss=782a8&oh=00_AQGQUyJk9nIYHQ6SiCQcykXn8Qf_O7wFuph0rsJkZIPGbQ&oe=6A7A6C6E","483508675_1073210361509616_4275343079930363606_n.jpg","No photo description available."
"73","719716410192348","stutes-facebook-073-719716410192348.jpg","2048","1366","https://www.facebook.com/photo.php?fbid=719716410192348&set=pb.100064619866357.-2207520000&type=3","https://scontent-ams2-1.xx.fbcdn.net/v/t39.30808-6/483369174_1073210301509622_2065187091598057893_n.jpg?stp=dst-jpg_tt6&cstp=mx2048x1366&ctp=s2048x1366&_nc_cat=107&ccb=1-7&_nc_sid=833d8c&_nc_ohc=YXQKiWwuITkQ7kNvwHdFk9i&_nc_oc=Adp2s3faAreYZskgbjouIx2NUsH7z2PMe3NFOQzm815GXJbCRQvaeziACOabRGe3Rto&_nc_zt=23&_nc_ht=scontent-ams2-1.xx&_nc_gid=pYfqwKUFBrsk56Qo0zdsQw&_nc_ss=782a8&oh=00_AQF3vCR_lzfwucH4bLaIUXFQ67ETY9k95BhPQMTS_mRRXw&oe=6A7A59B4","483369174_1073210301509622_2065187091598057893_n.jpg","No photo description available."
"74","710409767789679","stutes-facebook-074-710409767789679.jpg","1125","683","https://www.facebook.com/photo.php?fbid=710409767789679&set=pb.100064619866357.-2207520000&type=3","https://scontent-ams2-1.xx.fbcdn.net/v/t39.30808-6/483062320_1072342334929752_11107483658111428_n.jpg?stp=cp6_dst-jpg_tt6&cstp=mx1125x683&ctp=s1125x683&_nc_cat=104&ccb=1-7&_nc_sid=833d8c&_nc_ohc=8Y_ONNcxYXYQ7kNvwFxkfyp&_nc_oc=AdrLefeafhlIMIm40_SM-G8vbT4G4AYQ-8atTNT9vH9UAUwFcDH8FpyB68UhGqCLCL8&_nc_zt=23&_nc_ht=scontent-ams2-1.xx&_nc_gid=7FeVhdYdY8M8B5BYeqAT1w&_nc_ss=782a8&oh=00_AQFvjzcrVSnRLMEtb8kH24M7UYJrZ8wZSrUpg-RJUoqQKQ&oe=6A7A51FE","483062320_1072342334929752_11107483658111428_n.jpg","No photo description available."
"75","677244877772835","stutes-facebook-075-677244877772835.jpg","1593","2048","https://www.facebook.com/photo.php?fbid=677244877772835&set=pb.100064619866357.-2207520000&type=3","https://scontent-ams2-1.xx.fbcdn.net/v/t39.30808-6/481221374_1065515608945758_1293482022907006234_n.jpg?stp=cp6_dst-jpg_tt6&cstp=mx1593x2048&ctp=s1593x2048&_nc_cat=106&ccb=1-7&_nc_sid=127cfc&_nc_ohc=1wRMTHCbkGIQ7kNvwHzocoE&_nc_oc=AdpgJuhwU_T3LMWkTIrastoKM4wNu2YffymWnz3FHFlBvBPkXAX2gJ9pWAxKF6CnFFU&_nc_zt=23&_nc_ht=scontent-ams2-1.xx&_nc_gid=6WenTUc6qguBxndI8pEHQw&_nc_ss=782a8&oh=00_AQE0dJ7AnkbOy-M-DuGLP2ssc953qcpWmWnUP8cyOBT9fQ&oe=6A7A5BD4","481221374_1065515608945758_1293482022907006234_n.jpg","No photo description available."
"76","659508002879856","stutes-facebook-076-659508002879856.jpg","1536","2048","https://www.facebook.com/photo.php?fbid=659508002879856&set=pb.100064619866357.-2207520000&type=3","https://scontent-ams2-1.xx.fbcdn.net/v/t39.30808-6/480990829_1064566222374030_8681125566388448575_n.jpg?stp=cp6_dst-jpg_tt6&cstp=mx1536x2048&ctp=s1536x2048&_nc_cat=110&ccb=1-7&_nc_sid=833d8c&_nc_ohc=O7aOJRdPVwwQ7kNvwHU6xka&_nc_oc=Adq8HKtj2Y-B_GBtCFrSgfvbU9i_2QM4AMCqfoJPPXpJP-mCSUjsS9BYSSpfwhZYBPk&_nc_zt=23&_nc_ht=scontent-ams2-1.xx&_nc_gid=5K_XVniMyjvYW5rpAfZxjg&_nc_ss=7e2a8&oh=00_AQEcv-O-WmQhwP8S2VBgYHYYEnGjJ9NGt5jMke4aE4rU5A&oe=6A7A5029","480990829_1064566222374030_8681125566388448575_n.jpg","No photo description available."
"77","633969962100327","stutes-facebook-077-633969962100327.jpg","1536","2048","https://www.facebook.com/photo.php?fbid=633969962100327&set=pb.100064619866357.-2207520000&type=3","https://scontent-ams2-1.xx.fbcdn.net/v/t39.30808-6/480634286_1061560396007946_616145498094679995_n.jpg?stp=cp6_dst-jpg_tt6&cstp=mx1536x2048&ctp=s1536x2048&_nc_cat=100&ccb=1-7&_nc_sid=833d8c&_nc_ohc=iW8R7rBaQCwQ7kNvwF33xx1&_nc_oc=AdolCLyRtY5V6wgcPs3mP-syGGge9sUmdNKdPNYjVrx4d5FZsDhEBxIh5AnuIwnjvYc&_nc_zt=23&_nc_ht=scontent-ams2-1.xx&_nc_gid=GmFJSe_MfeXc7dLXhrPEzQ&_nc_ss=782a8&oh=00_AQGrIMNKQKejY2z6vhg3u1rvKHG0gl6zW-vhURGfYApc3Q&oe=6A7A5A5E","480634286_1061560396007946_616145498094679995_n.jpg","No photo description available."
"78","627749996055657","stutes-facebook-078-627749996055657.jpg","1536","2048","https://www.facebook.com/photo.php?fbid=627749996055657&set=pb.100064619866357.-2207520000&type=3","https://scontent-ams2-1.xx.fbcdn.net/v/t39.30808-6/480634286_1061560396007946_616145498094679995_n.jpg?stp=cp6_dst-jpg_tt6&cstp=mx1536x2048&ctp=s1536x2048&_nc_cat=100&ccb=1-7&_nc_sid=833d8c&_nc_ohc=iW8R7rBaQCwQ7kNvwF33xx1&_nc_oc=AdolCLyRtY5V6wgcPs3mP-syGGge9sUmdNKdPNYjVrx4d5FZsDhEBxIh5AnuIwnjvYc&_nc_zt=23&_nc_ht=scontent-ams2-1.xx&_nc_gid=GmFJSe_MfeXc7dLXhrPEzQ&_nc_ss=782a8&oh=00_AQGrIMNKQKejY2z6vhg3u1rvKHG0gl6zW-vhURGfYApc3Q&oe=6A7A5A5E","480634286_1061560396007946_616145498094679995_n.jpg","No photo description available."
"79","627749779389012","stutes-facebook-079-627749779389012.jpg","1125","1290","https://www.facebook.com/photo.php?fbid=627749779389012&set=pb.100064619866357.-2207520000&type=3","https://scontent-ams2-1.xx.fbcdn.net/v/t39.30808-6/480194409_1054762966687689_3871515389242408265_n.jpg?stp=cp6_dst-jpg_tt6&cstp=mx1125x1290&ctp=s1125x1290&_nc_cat=101&ccb=1-7&_nc_sid=833d8c&_nc_ohc=q5qAg16qlBgQ7kNvwFyQFLQ&_nc_oc=AdqlgdYcMg8toD3DBi4IxZC4veDwVXZYLZl9NCHTwrbZX1dC5C8ume04cjdfOHWLtRs&_nc_zt=23&_nc_ht=scontent-ams2-1.xx&_nc_gid=wQMh5yn7k-uxCNmtk8Mv1Q&_nc_ss=7e2a8&oh=00_AQG1hemIYC-WpZOK6Jqldm_cORwKHdy2XwP7grYkWDNNDg&oe=6A7A7DAA","480194409_1054762966687689_3871515389242408265_n.jpg","No photo description available."
"80","626362052861118","stutes-facebook-080-626362052861118.jpg","1125","1290","https://www.facebook.com/photo.php?fbid=626362052861118&set=pb.100064619866357.-2207520000&type=3","https://scontent-ams2-1.xx.fbcdn.net/v/t39.30808-6/480194409_1054762966687689_3871515389242408265_n.jpg?stp=cp6_dst-jpg_tt6&cstp=mx1125x1290&ctp=s1125x1290&_nc_cat=101&ccb=1-7&_nc_sid=833d8c&_nc_ohc=q5qAg16qlBgQ7kNvwFyQFLQ&_nc_oc=AdqlgdYcMg8toD3DBi4IxZC4veDwVXZYLZl9NCHTwrbZX1dC5C8ume04cjdfOHWLtRs&_nc_zt=23&_nc_ht=scontent-ams2-1.xx&_nc_gid=wQMh5yn7k-uxCNmtk8Mv1Q&_nc_ss=7e2a8&oh=00_AQG1hemIYC-WpZOK6Jqldm_cORwKHdy2XwP7grYkWDNNDg&oe=6A7A7DAA","480194409_1054762966687689_3871515389242408265_n.jpg","No photo description available."
"81","621290946701562","stutes-facebook-081-621290946701562.jpg","1536","2048","https://www.facebook.com/photo.php?fbid=621290946701562&set=pb.100064619866357.-2207520000&type=3","https://scontent-ams2-1.xx.fbcdn.net/v/t39.30808-6/477572964_1053939650103354_8719093967222191145_n.jpg?stp=cp6_dst-jpg_tt6&cstp=mx1536x2048&ctp=s1536x2048&_nc_cat=109&ccb=1-7&_nc_sid=833d8c&_nc_ohc=CVvRa1i3QfMQ7kNvwERAud3&_nc_oc=AdqIzgS57CBIvKYRzfEIpnP_8jHsCzwHrhR7qQjOun_8opRBadvEPfMKBezmQptzIkw&_nc_zt=23&_nc_ht=scontent-ams2-1.xx&_nc_gid=8SeLmwdXZhTv_I2tCT4QJQ&_nc_ss=7e2a8&oh=00_AQHcKHL2yg6zPFLXeLdfakThFqqWbpFvxS_SgkrQ2BIL6A&oe=6A7A77B9","477572964_1053939650103354_8719093967222191145_n.jpg","No photo description available."
"82","621290930034897","stutes-facebook-082-621290930034897.jpg","1536","2048","https://www.facebook.com/photo.php?fbid=621290930034897&set=pb.100064619866357.-2207520000&type=3","https://scontent-ams2-1.xx.fbcdn.net/v/t39.30808-6/477572964_1053939650103354_8719093967222191145_n.jpg?stp=cp6_dst-jpg_tt6&cstp=mx1536x2048&ctp=s1536x2048&_nc_cat=109&ccb=1-7&_nc_sid=833d8c&_nc_ohc=CVvRa1i3QfMQ7kNvwERAud3&_nc_oc=AdqIzgS57CBIvKYRzfEIpnP_8jHsCzwHrhR7qQjOun_8opRBadvEPfMKBezmQptzIkw&_nc_zt=23&_nc_ht=scontent-ams2-1.xx&_nc_gid=8SeLmwdXZhTv_I2tCT4QJQ&_nc_ss=7e2a8&oh=00_AQHcKHL2yg6zPFLXeLdfakThFqqWbpFvxS_SgkrQ2BIL6A&oe=6A7A77B9","477572964_1053939650103354_8719093967222191145_n.jpg","No photo description available."
"83","615488277281829","stutes-facebook-083-615488277281829.jpg","1536","2048","https://www.facebook.com/photo.php?fbid=615488277281829&set=pb.100064619866357.-2207520000&type=3","https://scontent-ams2-1.xx.fbcdn.net/v/t39.30808-6/477577791_1052348253595827_6402473085307016304_n.jpg?stp=cp6_dst-jpg_tt6&cstp=mx1536x2048&ctp=s1536x2048&_nc_cat=100&ccb=1-7&_nc_sid=833d8c&_nc_ohc=tNquCwqo4YcQ7kNvwF5E5We&_nc_oc=AdoXJEwVeeAiNSqfh9Ri8ciW7cnh7NHLAUJXQyrXdFOr8AOat1T32ITg0oPx6z7cqMQ&_nc_zt=23&_nc_ht=scontent-ams2-1.xx&_nc_gid=Wr7KoZfVInIyS4jrWYBTZQ&_nc_ss=782a8&oh=00_AQFD_0IUIpxjADQzTMbQWCodSsqXuEcqDK08DONkkADdtw&oe=6A7A74ED","477577791_1052348253595827_6402473085307016304_n.jpg","No photo description available."
"84","615486533948670","stutes-facebook-084-615486533948670.jpg","1536","2048","https://www.facebook.com/photo.php?fbid=615486533948670&set=pb.100064619866357.-2207520000&type=3","https://scontent-ams2-1.xx.fbcdn.net/v/t39.30808-6/477577791_1052348253595827_6402473085307016304_n.jpg?stp=cp6_dst-jpg_tt6&cstp=mx1536x2048&ctp=s1536x2048&_nc_cat=100&ccb=1-7&_nc_sid=833d8c&_nc_ohc=tNquCwqo4YcQ7kNvwF5E5We&_nc_oc=AdoXJEwVeeAiNSqfh9Ri8ciW7cnh7NHLAUJXQyrXdFOr8AOat1T32ITg0oPx6z7cqMQ&_nc_zt=23&_nc_ht=scontent-ams2-1.xx&_nc_gid=Wr7KoZfVInIyS4jrWYBTZQ&_nc_ss=782a8&oh=00_AQFD_0IUIpxjADQzTMbQWCodSsqXuEcqDK08DONkkADdtw&oe=6A7A74ED","477577791_1052348253595827_6402473085307016304_n.jpg","No photo description available."
"85","585953853568605","stutes-facebook-085-585953853568605.jpg","1536","2048","https://www.facebook.com/photo.php?fbid=585953853568605&set=pb.100064619866357.-2207520000&type=3","https://scontent-ams2-1.xx.fbcdn.net/v/t39.30808-6/476840342_1052348436929142_8840657820713387210_n.jpg?stp=cp6_dst-jpg_tt6&cstp=mx1536x2048&ctp=s1536x2048&_nc_cat=104&ccb=1-7&_nc_sid=833d8c&_nc_ohc=kUiIcpnHTE8Q7kNvwEoz3vt&_nc_oc=AdoQd57vOhsffo25ZMEJPWyGZek9SVHee1aqa-U2gqlp8Cn9PNH8ILO_fVQjOJ1xP9A&_nc_zt=23&_nc_ht=scontent-ams2-1.xx&_nc_gid=anXMNctqAnRmK6jWECSeig&_nc_ss=782a8&oh=00_AQFY32FNA0dMzYYSTVAb3VZFnwHQowKoME6LiCWwfgG0Lg&oe=6A7A61D8","476840342_1052348436929142_8840657820713387210_n.jpg","No photo description available."
"86","562988295865161","stutes-facebook-086-562988295865161.jpg","2048","1630","https://www.facebook.com/photo.php?fbid=562988295865161&set=pb.100064619866357.-2207520000&type=3","https://scontent-ams2-1.xx.fbcdn.net/v/t39.30808-6/476077420_1047446827419303_1464123526229287506_n.jpg?stp=cp6_dst-jpg_tt6&cstp=mx2048x1630&ctp=s2048x1630&_nc_cat=105&ccb=1-7&_nc_sid=833d8c&_nc_ohc=hPB3aXTiAb8Q7kNvwFOzvdg&_nc_oc=AdpVLtilxqSW7UkKYM5zkRgYNqB1zf6k-O53h4029SMSirkwhDovrp2HD1CSNfa5WHA&_nc_zt=23&_nc_ht=scontent-ams2-1.xx&_nc_gid=5I6QzAxldFrum4iIjyj8pQ&_nc_ss=782a8&oh=00_AQHwgULuaBxTPXH7tEngfEcBCKlpkakejjU8VoGWi4EL_A&oe=6A7A4E30","476077420_1047446827419303_1464123526229287506_n.jpg","No photo description available."
"87","533109322186392","stutes-facebook-087-533109322186392.jpg","1874","2048","https://www.facebook.com/photo.php?fbid=533109322186392&set=pb.100064619866357.-2207520000&type=3","https://scontent-ams2-1.xx.fbcdn.net/v/t39.30808-6/475943759_1046085924222060_9218432473827270453_n.jpg?stp=cp6_dst-jpg_tt6&cstp=mx1874x2048&ctp=s1874x2048&_nc_cat=108&ccb=1-7&_nc_sid=833d8c&_nc_ohc=l7YulvPFH64Q7kNvwEIhQb9&_nc_oc=AdoCR_O95kOs8IHj0SOtmybgDepR1MOLXcyjo_Q0DbdE-GX75o9A8rrUELnpRsJ-gSk&_nc_zt=23&_nc_ht=scontent-ams2-1.xx&_nc_gid=tMRtXGgUIIbipXrRSkQOxQ&_nc_ss=782a8&oh=00_AQGeYETxcNG1mEXPgmBZWEkk5eW6M4HwZWdt5dnp6aFmOA&oe=6A7A7AC6","475943759_1046085924222060_9218432473827270453_n.jpg","No photo description available."
"88","520169160147075","stutes-facebook-088-520169160147075.jpg","1199","1200","https://www.facebook.com/photo.php?fbid=520169160147075&set=pb.100064619866357.-2207520000&type=3","https://scontent-ams2-1.xx.fbcdn.net/v/t39.30808-6/475423751_1043546694475983_2493957794863683145_n.jpg?stp=dst-jpg_tt6&cstp=mx1199x1200&ctp=s1199x1200&_nc_cat=100&ccb=1-7&_nc_sid=833d8c&_nc_ohc=04aCODGxWUYQ7kNvwFKRIHG&_nc_oc=AdoN7mTk5hAIO2kmWezRLj4uxbnK36gw4eXHh6I4zjOdTSKzF5LWjUx5XYJnksipXKQ&_nc_zt=23&_nc_ht=scontent-ams2-1.xx&_nc_gid=bRUjmsFBP7kWZIE_pBzi6A&_nc_ss=782a8&oh=00_AQG1zFquV4VBtmQ4d-bfBeplj57E9xetmtj6LyYeM5lh0g&oe=6A7A7514","475423751_1043546694475983_2493957794863683145_n.jpg","No photo description available."
"89","486247010205957","stutes-facebook-089-486247010205957.jpg","2048","1536","https://www.facebook.com/photo.php?fbid=486247010205957&set=pb.100064619866357.-2207520000&type=3","https://scontent-ams2-1.xx.fbcdn.net/v/t39.30808-6/475257071_1041359994694653_7494401327063062191_n.jpg?stp=cp6_dst-jpg_tt6&cstp=mx2048x1536&ctp=s2048x1536&_nc_cat=108&ccb=1-7&_nc_sid=833d8c&_nc_ohc=Ltdo95J_Xa4Q7kNvwE8mq6g&_nc_oc=AdrLfm-CO42vK3B9qoQHKdcvJ84N79hEl-M8Zc6rVaiJxq3keCMJf-1E1CYQys6ppyg&_nc_zt=23&_nc_ht=scontent-ams2-1.xx&_nc_gid=Zz2xImV_whjH0XgpbHBjvQ&_nc_ss=782a8&oh=00_AQEJGApa5LsyXSf078xE5VfHL73XcRtX5E9sWuJA4jG2Bw&oe=6A7A6C16","475257071_1041359994694653_7494401327063062191_n.jpg","No photo description available."
"90","468314838665841","stutes-facebook-090-468314838665841.jpg","2048","1536","https://www.facebook.com/photo.php?fbid=468314838665841&set=pb.100064619866357.-2207520000&type=3","https://scontent-ams2-1.xx.fbcdn.net/v/t39.30808-6/475257071_1041359994694653_7494401327063062191_n.jpg?stp=cp6_dst-jpg_tt6&cstp=mx2048x1536&ctp=s2048x1536&_nc_cat=108&ccb=1-7&_nc_sid=833d8c&_nc_ohc=Ltdo95J_Xa4Q7kNvwE8mq6g&_nc_oc=AdrLfm-CO42vK3B9qoQHKdcvJ84N79hEl-M8Zc6rVaiJxq3keCMJf-1E1CYQys6ppyg&_nc_zt=23&_nc_ht=scontent-ams2-1.xx&_nc_gid=Zz2xImV_whjH0XgpbHBjvQ&_nc_ss=782a8&oh=00_AQEJGApa5LsyXSf078xE5VfHL73XcRtX5E9sWuJA4jG2Bw&oe=6A7A6C16","475257071_1041359994694653_7494401327063062191_n.jpg","No photo description available."
"91","468314835332508","stutes-facebook-091-468314835332508.jpg","960","856","https://www.facebook.com/photo.php?fbid=468314835332508&set=pb.100064619866357.-2207520000&type=3","https://scontent-ams2-1.xx.fbcdn.net/v/t39.30808-6/475276478_1040153754815277_7596069640352019658_n.jpg?stp=dst-jpg_tt6&cstp=mx960x856&ctp=s960x856&_nc_cat=103&ccb=1-7&_nc_sid=cc71e4&_nc_ohc=7HjK16UMmqsQ7kNvwFoyEm1&_nc_oc=AdrhwWqGQ74wxWR8iNFl-B8whDCTnnzZ2X3qla88lAEVR43MsKL3uoY-AtajiOeBAFU&_nc_zt=23&_nc_ht=scontent-ams2-1.xx&_nc_gid=1qJtnXTt0Poa_s2iUU4qGg&_nc_ss=782a8&oh=00_AQFv6HYuD72qVXTkrWI0dH5csSsTmelE9Oq6rAHy1TH8Hg&oe=6A7A59D6","475276478_1040153754815277_7596069640352019658_n.jpg","No photo description available."
"92","629551342209987","stutes-facebook-092-629551342209987.jpg","960","856","https://www.facebook.com/photo.php?fbid=629551342209987&set=pb.100064619866357.-2207520000&type=3","https://scontent-ams2-1.xx.fbcdn.net/v/t39.30808-6/475276478_1040153754815277_7596069640352019658_n.jpg?stp=dst-jpg_tt6&cstp=mx960x856&ctp=s960x856&_nc_cat=103&ccb=1-7&_nc_sid=cc71e4&_nc_ohc=7HjK16UMmqsQ7kNvwFoyEm1&_nc_oc=AdrhwWqGQ74wxWR8iNFl-B8whDCTnnzZ2X3qla88lAEVR43MsKL3uoY-AtajiOeBAFU&_nc_zt=23&_nc_ht=scontent-ams2-1.xx&_nc_gid=1qJtnXTt0Poa_s2iUU4qGg&_nc_ss=782a8&oh=00_AQFv6HYuD72qVXTkrWI0dH5csSsTmelE9Oq6rAHy1TH8Hg&oe=6A7A59D6","475276478_1040153754815277_7596069640352019658_n.jpg","No photo description available."
"93","586249833206805","stutes-facebook-093-586249833206805.jpg","2048","1536","https://www.facebook.com/photo.php?fbid=586249833206805&set=pb.100064619866357.-2207520000&type=3","https://scontent-ams2-1.xx.fbcdn.net/v/t39.30808-6/480679408_1196501265514989_1087592611349027265_n.jpg?stp=cp6_dst-jpg_tt6&cstp=mx2048x1536&ctp=s2048x1536&_nc_cat=108&ccb=1-7&_nc_sid=833d8c&_nc_ohc=Qlr7MfvHxc4Q7kNvwGhGcex&_nc_oc=AdplHmmwrYgxam6bfVpTgAcc1idkFu2igvqx0Me0r9KxQgwb653ph3k3Fsn9ADJG5EU&_nc_zt=23&_nc_ht=scontent-ams2-1.xx&_nc_gid=zf5zeSRMuEyYYWvn_HIoaA&_nc_ss=782a8&oh=00_AQF25w-sHtSNV0CV9-2uSk4ZTU6u-9T6sUtKDvUcRLkYrg&oe=6A7A601D","480679408_1196501265514989_1087592611349027265_n.jpg","No photo description available."
"94","558514452647010","stutes-facebook-094-558514452647010.jpg","1536","2048","https://www.facebook.com/photo.php?fbid=558514452647010&set=pb.100064619866357.-2207520000&type=3","https://scontent-ams2-1.xx.fbcdn.net/v/t39.30808-6/476799377_1189498546215261_1443765660050960017_n.jpg?stp=cp6_dst-jpg_tt6&cstp=mx1536x2048&ctp=s1536x2048&_nc_cat=101&ccb=1-7&_nc_sid=833d8c&_nc_ohc=CoF2xCM8nzoQ7kNvwGJKiiG&_nc_oc=AdrOjFitIzCUD__6lGHK9n5TgUavCZjchImPrx2ZSCj4wzWAglFqjv1JRSfyZPz2QNg&_nc_zt=23&_nc_ht=scontent-ams2-1.xx&_nc_gid=hu--fA5wNuUjM0ykHs8zUg&_nc_ss=782a8&oh=00_AQHH71oAVczLsAV7YmD7v_AzI0hrRKA4-J6chzzw9ZSFhA&oe=6A7A59D0","476799377_1189498546215261_1443765660050960017_n.jpg","No photo description available."
"95","558514422647013","stutes-facebook-095-558514422647013.jpg","1536","2048","https://www.facebook.com/photo.php?fbid=558514422647013&set=pb.100064619866357.-2207520000&type=3","https://scontent-ams2-1.xx.fbcdn.net/v/t39.30808-6/476092099_1186031529895296_2599216319033905045_n.jpg?stp=dst-jpg_tt6&cstp=mx1536x2048&ctp=s1536x2048&_nc_cat=103&ccb=1-7&_nc_sid=833d8c&_nc_ohc=Y71TGPuNjvMQ7kNvwGta05_&_nc_oc=AdrmqyuTTo8yHpiDZWZ18xCs1lNW5VuV3BP8vgitD_ovv9FUUx4ufvGAgNxNKrZj7-8&_nc_zt=23&_nc_ht=scontent-ams2-1.xx&_nc_gid=wjmbFQJbHO3Issru2hVweA&_nc_ss=782a8&oh=00_AQEZcK6Xqs6X9YVfFMGhIrDRbNrpVTkoO-WkML3hxhcsfg&oe=6A7A787B","476092099_1186031529895296_2599216319033905045_n.jpg","No photo description available."
"96","558514389313683","stutes-facebook-096-558514389313683.jpg","2048","1536","https://www.facebook.com/photo.php?fbid=558514389313683&set=pb.100064619866357.-2207520000&type=3","https://scontent-ams2-1.xx.fbcdn.net/v/t39.30808-6/476257544_1186031546561961_5547313210579651468_n.jpg?stp=dst-jpg_tt6&cstp=mx2048x1536&ctp=s2048x1536&_nc_cat=111&ccb=1-7&_nc_sid=833d8c&_nc_ohc=hgl0xLrEfe4Q7kNvwFH6K_P&_nc_oc=AdqGaVGAULhM6TGL3EOozCJUmahydCNYRvJAS1v6Sq8I-jgxSuzn94VadOLA5-o02zg&_nc_zt=23&_nc_ht=scontent-ams2-1.xx&_nc_gid=RCMpJHIssuXKRCvk4ljdYg&_nc_ss=782a8&oh=00_AQGjNbQtcxW9RDWFkeiOVRJrg9by25JWrzAqDR8G4Ne3nw&oe=6A7A6A12","476257544_1186031546561961_5547313210579651468_n.jpg","No photo description available."
"97","558514355980353","stutes-facebook-097-558514355980353.jpg","1536","2048","https://www.facebook.com/photo.php?fbid=558514355980353&set=pb.100064619866357.-2207520000&type=3","https://scontent-ams2-1.xx.fbcdn.net/v/t39.30808-6/475869598_1186031553228627_7683042641339855717_n.jpg?stp=dst-jpg_tt6&cstp=mx1536x2048&ctp=s1536x2048&_nc_cat=106&ccb=1-7&_nc_sid=833d8c&_nc_ohc=dgdlhOelUEEQ7kNvwGXeWmw&_nc_oc=AdoOesXcJ7nWy9e4qOt3JFZ_FdA_5-bF2_hNHygHYobgIQ23roIvxx0t3GTQeXiNmrU&_nc_zt=23&_nc_ht=scontent-ams2-1.xx&_nc_gid=5Y4UyHLFY51S2f9k4rSWjw&_nc_ss=782a8&oh=00_AQHvnx9X4cCB_u6oaE2aR41EY_gXq91P-1HQ7hiTDQUiTg&oe=6A7A7511","475869598_1186031553228627_7683042641339855717_n.jpg","No photo description available."
"98","558514349313687","stutes-facebook-098-558514349313687.jpg","1536","2048","https://www.facebook.com/photo.php?fbid=558514349313687&set=pb.100064619866357.-2207520000&type=3","https://scontent-ams2-1.xx.fbcdn.net/v/t39.30808-6/476156793_1186031543228628_7903369577515794273_n.jpg?stp=dst-jpg_tt6&cstp=mx1536x2048&ctp=s1536x2048&_nc_cat=100&ccb=1-7&_nc_sid=833d8c&_nc_ohc=ijCPPh-9XxIQ7kNvwFejT_X&_nc_oc=AdraY5vrrmnHNWi0R779Wskm1ny3ZI-4lAJ_yGMcJXFhjDdCkHCrMrtmcWTaJodmYpI&_nc_zt=23&_nc_ht=scontent-ams2-1.xx&_nc_gid=kKxVR1g1jb4wJy0acIQNtw&_nc_ss=782a8&oh=00_AQHORMt-M3k6k_LNvYho99ZC9dmk0dXdYtrD_av07GpQmw&oe=6A7A664A","476156793_1186031543228628_7903369577515794273_n.jpg","No photo description available."
"99","557867192711736","stutes-facebook-099-557867192711736.jpg","1536","2048","https://www.facebook.com/photo.php?fbid=557867192711736&set=pb.100064619866357.-2207520000&type=3","https://scontent-ams2-1.xx.fbcdn.net/v/t39.30808-6/476609747_1186031533228629_3931419402365847082_n.jpg?stp=dst-jpg_tt6&cstp=mx1536x2048&ctp=s1536x2048&_nc_cat=110&ccb=1-7&_nc_sid=833d8c&_nc_ohc=x-Ew4ZOlCj4Q7kNvwEUdKo2&_nc_oc=Adoz8ZLJAU-b54SE-QMB-rJ6yqYLaoGDdROjyWW9VJRQhOQkC9--zhpalPCN248vTpQ&_nc_zt=23&_nc_ht=scontent-ams2-1.xx&_nc_gid=zv8_dYdlX9akZas2G8RGMA&_nc_ss=782a8&oh=00_AQGDI7Z5rBDW9XE__AgMQQ60uakA1X9KN4RJUiEqLeuyCQ&oe=6A7A70B6","476609747_1186031533228629_3931419402365847082_n.jpg","No photo description available."
"100","557867149378407","stutes-facebook-100-557867149378407.jpg","1536","2048","https://www.facebook.com/photo.php?fbid=557867149378407&set=pb.100064619866357.-2207520000&type=3","https://scontent-ams2-1.xx.fbcdn.net/v/t39.30808-6/476162552_1186028263228956_5873761768729904696_n.jpg?stp=dst-jpg_tt6&cstp=mx1536x2048&ctp=s1536x2048&_nc_cat=102&ccb=1-7&_nc_sid=833d8c&_nc_ohc=aTdame7VLOAQ7kNvwGsRhnJ&_nc_oc=Adpyu5fRLFn7DY0yDU88v1h9T8QO6xnXHA2JuQ2JGL2AHaLQLA8nwGC7jhrkPTSpeIE&_nc_zt=23&_nc_ht=scontent-ams2-1.xx&_nc_gid=DM-nqwQoHBKudujp125iCQ&_nc_ss=782a8&oh=00_AQFpRQd2OwXRKaJ90QTTVEka4qy49FedDk2oXExU96XNCQ&oe=6A7A7F3A","476162552_1186028263228956_5873761768729904696_n.jpg","No photo description available."
"101","557867112711744","stutes-facebook-101-557867112711744.jpg","2048","1536","https://www.facebook.com/photo.php?fbid=557867112711744&set=pb.100064619866357.-2207520000&type=3","https://scontent-ams2-1.xx.fbcdn.net/v/t39.30808-6/476355816_1186028253228957_5994679821742456454_n.jpg?stp=dst-jpg_tt6&cstp=mx2048x1536&ctp=s2048x1536&_nc_cat=100&ccb=1-7&_nc_sid=833d8c&_nc_ohc=nTrRizQKeSMQ7kNvwGRKFad&_nc_oc=AdpPsicOsePgVBjH7xbFE8LpNq0CNa5AQYOCuyAbpuCDPZxfAZUFU9EZn_9Mi3JguJA&_nc_zt=23&_nc_ht=scontent-ams2-1.xx&_nc_gid=x72_r_1OeRzseyCHhChyLQ&_nc_ss=782a8&oh=00_AQFJtlJMuulb5gLDad4sumjdzEB4y9NUkdl4gPvyJfvmcg&oe=6A7A6820","476355816_1186028253228957_5994679821742456454_n.jpg","No photo description available."
"102","550395410125581","stutes-facebook-102-550395410125581.jpg","2048","1536","https://www.facebook.com/photo.php?fbid=550395410125581&set=pb.100064619866357.-2207520000&type=3","https://scontent-ams2-1.xx.fbcdn.net/v/t39.30808-6/476612723_1186028109895638_1694881781660523289_n.jpg?stp=dst-jpg_tt6&cstp=mx2048x1536&ctp=s2048x1536&_nc_cat=104&ccb=1-7&_nc_sid=833d8c&_nc_ohc=f13ZHJOU7esQ7kNvwG3tuGF&_nc_oc=Adpa4uxAlXDZkdKFiw3OwvgUCNTziDDjEdIH1yrck7ARhFrEs5zjnwPP3n9F3IT0Q6Y&_nc_zt=23&_nc_ht=scontent-ams2-1.xx&_nc_gid=X2hiXgjrsO-nHYRSTmMj4w&_nc_ss=782a8&oh=00_AQEEHoMggvycXE4tkE9InSbyv_nbjuzZchUcLqfk4zxmcQ&oe=6A7A7639","476612723_1186028109895638_1694881781660523289_n.jpg","No photo description available."
"103","550395370125585","stutes-facebook-103-550395370125585.jpg","720","960","https://www.facebook.com/photo.php?fbid=550395370125585&set=pb.100064619866357.-2207520000&type=3","https://scontent-ams2-1.xx.fbcdn.net/v/t39.30808-6/476610595_1186007259897723_3525289916600020161_n.jpg?stp=dst-jpg_tt6&cstp=mx720x960&ctp=s720x960&_nc_cat=105&ccb=1-7&_nc_sid=833d8c&_nc_ohc=5iUOAKvAXkYQ7kNvwF2A90J&_nc_oc=AdrUzTPx7U9F6wS-aAL7VsIClQLYTg40m8ROTwE-uCbxqljmFgJK41JD1eKB9qVcxxE&_nc_zt=23&_nc_ht=scontent-ams2-1.xx&_nc_gid=ibEMuwFPZ6Q2zPLB9SVZjw&_nc_ss=782a8&oh=00_AQHNk-h1UZjj2aJjaBFX20RkFgOLYCIzRfofy_F8fZ_80w&oe=6A7A5C32","476610595_1186007259897723_3525289916600020161_n.jpg","No photo description available."
"104","550395360125586","stutes-facebook-104-550395360125586.jpg","1536","2048","https://www.facebook.com/photo.php?fbid=550395360125586&set=pb.100064619866357.-2207520000&type=3","https://scontent-ams2-1.xx.fbcdn.net/v/t39.30808-6/476453674_1186006889897760_1103716311194095188_n.jpg?stp=dst-jpg_tt6&cstp=mx1536x2048&ctp=s1536x2048&_nc_cat=101&ccb=1-7&_nc_sid=833d8c&_nc_ohc=7RdM44-6YnsQ7kNvwGj3W0I&_nc_oc=Adon3W6vSdqrhQtOe6MHvO7D76KksjMCfgAbuWq22n586RzENPctpLLQeVPuYoKrndQ&_nc_zt=23&_nc_ht=scontent-ams2-1.xx&_nc_gid=jf62bl4Mz4F7QWNDf6VjlA&_nc_ss=782a8&oh=00_AQEsTVeI6r7q-7WHJtLo6W4TeI_LrgtvydEsNJsvntp7RA&oe=6A7A485A","476453674_1186006889897760_1103716311194095188_n.jpg","No photo description available."
"105","550395323458923","stutes-facebook-105-550395323458923.jpg","1536","2048","https://www.facebook.com/photo.php?fbid=550395323458923&set=pb.100064619866357.-2207520000&type=3","https://scontent-ams2-1.xx.fbcdn.net/v/t39.30808-6/476453674_1186006889897760_1103716311194095188_n.jpg?stp=dst-jpg_tt6&cstp=mx1536x2048&ctp=s1536x2048&_nc_cat=101&ccb=1-7&_nc_sid=833d8c&_nc_ohc=7RdM44-6YnsQ7kNvwGj3W0I&_nc_oc=Adon3W6vSdqrhQtOe6MHvO7D76KksjMCfgAbuWq22n586RzENPctpLLQeVPuYoKrndQ&_nc_zt=23&_nc_ht=scontent-ams2-1.xx&_nc_gid=jf62bl4Mz4F7QWNDf6VjlA&_nc_ss=782a8&oh=00_AQEsTVeI6r7q-7WHJtLo6W4TeI_LrgtvydEsNJsvntp7RA&oe=6A7A485A","476453674_1186006889897760_1103716311194095188_n.jpg","No photo description available."
"106","550395280125594","stutes-facebook-106-550395280125594.jpg","720","960","https://www.facebook.com/photo.php?fbid=550395280125594&set=pb.100064619866357.-2207520000&type=3","https://scontent-ams2-1.xx.fbcdn.net/v/t39.30808-6/476118039_1186006933231089_4458266732921713358_n.jpg?stp=dst-jpg_tt6&cstp=mx720x960&ctp=s720x960&_nc_cat=105&ccb=1-7&_nc_sid=833d8c&_nc_ohc=aXU6opQsebUQ7kNvwHZqlhD&_nc_oc=AdqX-Rbvj7mEFNpWC2U84jvPFQuxhCsxYBaX9LVNisAdAchy7fcKSdeuTKX_CLB4g3A&_nc_zt=23&_nc_ht=scontent-ams2-1.xx&_nc_gid=ej3VQ6cWAXz33MfumaNVAA&_nc_ss=782a8&oh=00_AQGQan6TEieQCHH5szZzWEbzABpHbPI3gUb9P_DcUtoBcw&oe=6A7A7129","476118039_1186006933231089_4458266732921713358_n.jpg","No photo description available."
"107","550395276792261","stutes-facebook-107-550395276792261.jpg","960","720","https://www.facebook.com/photo.php?fbid=550395276792261&set=pb.100064619866357.-2207520000&type=3","https://scontent-ams2-1.xx.fbcdn.net/v/t39.30808-6/476163805_1186007263231056_4137836664402313345_n.jpg?stp=dst-jpg_tt6&cstp=mx960x720&ctp=s960x720&_nc_cat=108&ccb=1-7&_nc_sid=833d8c&_nc_ohc=WPZ_bFBQW7AQ7kNvwEHq-ix&_nc_oc=Adq6D7FT_IDd5UHCQ3iLerZQ8nKxLGmoIjuHkxW2UlGLHApvbs8wl6ace1UKN_cA4nQ&_nc_zt=23&_nc_ht=scontent-ams2-1.xx&_nc_gid=B7Fj4fmnSvcI7II1DZHgUA&_nc_ss=782a8&oh=00_AQEl1FNUCaCYe2pHi9FGNwI-B6NsELcec-Igf09iRSd6BA&oe=6A7A7915","476163805_1186007263231056_4137836664402313345_n.jpg","No photo description available."
"108","534394578392331","stutes-facebook-108-534394578392331.jpg","1536","2048","https://www.facebook.com/photo.php?fbid=534394578392331&set=pb.100064619866357.-2207520000&type=3","https://scontent-ams2-1.xx.fbcdn.net/v/t39.30808-6/475594275_1179274110571038_8539582332911634668_n.jpg?stp=dst-jpg_tt6&cstp=mx1536x2048&ctp=s1536x2048&_nc_cat=107&ccb=1-7&_nc_sid=833d8c&_nc_ohc=K0cOLUk9bQQQ7kNvwGmH_dz&_nc_oc=AdqlJhs4ELBs-P_PaIes21-_M16xAO-87aEOCe7x_kULHsql3ZwlIZprwAtSzQCK9w4&_nc_zt=23&_nc_ht=scontent-ams2-1.xx&_nc_gid=t01nxu-RBSaoh-YUVasKSg&_nc_ss=782a8&oh=00_AQFPRn-Qd5SR9KDD-Mwu_Y9uX53Llcfy5vfZLiayUck6Qg&oe=6A7A6D23","475594275_1179274110571038_8539582332911634668_n.jpg","No photo description available."
"109","530694868762302","stutes-facebook-109-530694868762302.jpg","1125","1189","https://www.facebook.com/photo.php?fbid=530694868762302&set=pb.100064619866357.-2207520000&type=3","https://scontent-ams2-1.xx.fbcdn.net/v/t39.30808-6/475250041_1178683433963439_6245166935265047430_n.jpg?stp=dst-jpg_tt6&cstp=mx1125x1189&ctp=s1125x1189&_nc_cat=105&ccb=1-7&_nc_sid=833d8c&_nc_ohc=SJOPzJBnp7YQ7kNvwF8fn_k&_nc_oc=AdprDM-q_iVAcyy6CaVbed36R-vIE9fUX90vocQAZQx_2-Uzz6xgonQS8zJ9F0ZjVk0&_nc_zt=23&_nc_ht=scontent-ams2-1.xx&_nc_gid=vs2pchZReVaNF-q_o1PMng&_nc_ss=782a8&oh=00_AQHB2cUNdT2TwbxtgTIZlr6rHS13rnLIzfio6-zrWxoCkw&oe=6A7A7FB2","475250041_1178683433963439_6245166935265047430_n.jpg","No photo description available."
"110","512137837284672","stutes-facebook-110-512137837284672.jpg","1125","1189","https://www.facebook.com/photo.php?fbid=512137837284672&set=pb.100064619866357.-2207520000&type=3","https://scontent-ams2-1.xx.fbcdn.net/v/t39.30808-6/475250041_1178683433963439_6245166935265047430_n.jpg?stp=dst-jpg_tt6&cstp=mx1125x1189&ctp=s1125x1189&_nc_cat=105&ccb=1-7&_nc_sid=833d8c&_nc_ohc=SJOPzJBnp7YQ7kNvwF8fn_k&_nc_oc=AdprDM-q_iVAcyy6CaVbed36R-vIE9fUX90vocQAZQx_2-Uzz6xgonQS8zJ9F0ZjVk0&_nc_zt=23&_nc_ht=scontent-ams2-1.xx&_nc_gid=vs2pchZReVaNF-q_o1PMng&_nc_ss=782a8&oh=00_AQHB2cUNdT2TwbxtgTIZlr6rHS13rnLIzfio6-zrWxoCkw&oe=6A7A7FB2","475250041_1178683433963439_6245166935265047430_n.jpg","No photo description available."
"111","511482557350200","stutes-facebook-111-511482557350200.jpg","1536","2048","https://www.facebook.com/photo.php?fbid=511482557350200&set=pb.100064619866357.-2207520000&type=3","https://scontent-ams2-1.xx.fbcdn.net/v/t39.30808-6/474758870_1175605327604583_1268089464717752135_n.jpg?stp=dst-jpg_tt6&cstp=mx1536x2048&ctp=s1536x2048&_nc_cat=111&ccb=1-7&_nc_sid=833d8c&_nc_ohc=OtacJKab6PgQ7kNvwHmfozC&_nc_oc=AdrqQSRi1POgqeAnPvdX_VvqgkEXqns05sBNsjplVSLlUry0p5FFNS2EtRlqKlYtPkw&_nc_zt=23&_nc_ht=scontent-ams2-1.xx&_nc_gid=k3hmsks26xy_m9F7hXp7xA&_nc_ss=782a8&oh=00_AQFLeNjY0oJgVZjyGpLSQhwUnVUPNo439-f5dGU3r8MyfA&oe=6A7A7981","474758870_1175605327604583_1268089464717752135_n.jpg","No photo description available."
"112","505021187996337","stutes-facebook-112-505021187996337.jpg","1536","2048","https://www.facebook.com/photo.php?fbid=505021187996337&set=pb.100064619866357.-2207520000&type=3","https://scontent-ams2-1.xx.fbcdn.net/v/t39.30808-6/474758870_1175605327604583_1268089464717752135_n.jpg?stp=dst-jpg_tt6&cstp=mx1536x2048&ctp=s1536x2048&_nc_cat=111&ccb=1-7&_nc_sid=833d8c&_nc_ohc=OtacJKab6PgQ7kNvwHmfozC&_nc_oc=AdrqQSRi1POgqeAnPvdX_VvqgkEXqns05sBNsjplVSLlUry0p5FFNS2EtRlqKlYtPkw&_nc_zt=23&_nc_ht=scontent-ams2-1.xx&_nc_gid=k3hmsks26xy_m9F7hXp7xA&_nc_ss=782a8&oh=00_AQFLeNjY0oJgVZjyGpLSQhwUnVUPNo439-f5dGU3r8MyfA&oe=6A7A7981","474758870_1175605327604583_1268089464717752135_n.jpg","No photo description available."
"113","505021161329673","stutes-facebook-113-505021161329673.jpg","1536","2048","https://www.facebook.com/photo.php?fbid=505021161329673&set=pb.100064619866357.-2207520000&type=3","https://scontent-ams2-1.xx.fbcdn.net/v/t39.30808-6/474060192_1174131374418645_9183859625400729431_n.jpg?stp=dst-jpg_tt6&cstp=mx1536x2048&ctp=s1536x2048&_nc_cat=101&ccb=1-7&_nc_sid=833d8c&_nc_ohc=LwVWw7-vLWsQ7kNvwExO3Hf&_nc_oc=AdrDfgrv02Z-TuooMO6tVKLcnnZJwXLJ1PrMhnVptCrmbh8E36Jnsir2i4bkxZShXv8&_nc_zt=23&_nc_ht=scontent-ams2-1.xx&_nc_gid=E3WgUBmfIdBi_H1mapAIbA&_nc_ss=782a8&oh=00_AQGBvZKbGdAvaERRNnNj2mD9T0x9zwNHuFl8eRN6KiGU3g&oe=6A7A66D5","474060192_1174131374418645_9183859625400729431_n.jpg","No photo description available."
"114","505021121329677","stutes-facebook-114-505021121329677.jpg","1536","2048","https://www.facebook.com/photo.php?fbid=505021121329677&set=pb.100064619866357.-2207520000&type=3","https://scontent-ams2-1.xx.fbcdn.net/v/t39.30808-6/474550885_1174131391085310_4650921715560218643_n.jpg?stp=dst-jpg_tt6&cstp=mx1536x2048&ctp=s1536x2048&_nc_cat=102&ccb=1-7&_nc_sid=833d8c&_nc_ohc=Pg0MeW7zJEAQ7kNvwEHVbHd&_nc_oc=AdpyJmUoFioK8_fOl4ZK9C83GZvhO_DcTcwMgIPWqYV_ftbSBECfkA-oU7X4eVgXZG4&_nc_zt=23&_nc_ht=scontent-ams2-1.xx&_nc_gid=NyC50yith_pAh6NW8jkvzA&_nc_ss=782a8&oh=00_AQFwZpHJC58Stl04LzRNnFiiKpFcYziQVPv19_w2unJTkg&oe=6A7A5002","474550885_1174131391085310_4650921715560218643_n.jpg","No photo description available."
"115","505021097996346","stutes-facebook-115-505021097996346.jpg","1536","2048","https://www.facebook.com/photo.php?fbid=505021097996346&set=pb.100064619866357.-2207520000&type=3","https://scontent-ams2-1.xx.fbcdn.net/v/t39.30808-6/474550885_1174131391085310_4650921715560218643_n.jpg?stp=dst-jpg_tt6&cstp=mx1536x2048&ctp=s1536x2048&_nc_cat=102&ccb=1-7&_nc_sid=833d8c&_nc_ohc=Pg0MeW7zJEAQ7kNvwEHVbHd&_nc_oc=AdpyJmUoFioK8_fOl4ZK9C83GZvhO_DcTcwMgIPWqYV_ftbSBECfkA-oU7X4eVgXZG4&_nc_zt=23&_nc_ht=scontent-ams2-1.xx&_nc_gid=NyC50yith_pAh6NW8jkvzA&_nc_ss=782a8&oh=00_AQFwZpHJC58Stl04LzRNnFiiKpFcYziQVPv19_w2unJTkg&oe=6A7A5002","474550885_1174131391085310_4650921715560218643_n.jpg","No photo description available."
"116","505021061329683","stutes-facebook-116-505021061329683.jpg","1536","2048","https://www.facebook.com/photo.php?fbid=505021061329683&set=pb.100064619866357.-2207520000&type=3","https://scontent-ams2-1.xx.fbcdn.net/v/t39.30808-6/474181160_1174131154418667_9014779122195986275_n.jpg?stp=dst-jpg_tt6&cstp=mx1536x2048&ctp=s1536x2048&_nc_cat=100&ccb=1-7&_nc_sid=833d8c&_nc_ohc=V28sCPD4m9gQ7kNvwEHvbzO&_nc_oc=AdpWpsCqnpMOvpXuQQThEMnt23MvusTjwASwEPZVPCKOggEVZPJQReccXL8gFn-Hm1g&_nc_zt=23&_nc_ht=scontent-ams2-1.xx&_nc_gid=XUdQBiW8_3r-zADBEcdqWQ&_nc_ss=782a8&oh=00_AQEw3FWA10VA0ot5EfCy0EaVTb9F45qRfsqmv_x03rEuFg&oe=6A7A5102","474181160_1174131154418667_9014779122195986275_n.jpg","No photo description available."
"117","505021037996352","stutes-facebook-117-505021037996352.jpg","1536","2048","https://www.facebook.com/photo.php?fbid=505021037996352&set=pb.100064619866357.-2207520000&type=3","https://scontent-ams2-1.xx.fbcdn.net/v/t39.30808-6/474192501_1174131147752001_1209703498115850926_n.jpg?stp=dst-jpg_tt6&cstp=mx1536x2048&ctp=s1536x2048&_nc_cat=102&ccb=1-7&_nc_sid=833d8c&_nc_ohc=sOBSr6fG6GMQ7kNvwHymCre&_nc_oc=AdqEVfau-njgsFppnahHHA4GR0BEBDMi8QBkQ4DTNoYW_0Ond7cJ7nbC4WQuGV0DL6A&_nc_zt=23&_nc_ht=scontent-ams2-1.xx&_nc_gid=uRMZdoyqx1-Zyu2tjvT3YA&_nc_ss=782a8&oh=00_AQGk3N7I-aHVBSmJT2kEvHqnCoTKfYM4jtcDVRSMd7LduA&oe=6A7A4B4A","474192501_1174131147752001_1209703498115850926_n.jpg","No photo description available."
"118","505020984663024","stutes-facebook-118-505020984663024.jpg","1536","2048","https://www.facebook.com/photo.php?fbid=505020984663024&set=pb.100064619866357.-2207520000&type=3","https://scontent-ams2-1.xx.fbcdn.net/v/t39.30808-6/474606927_1174131407751975_5157206829141183314_n.jpg?stp=dst-jpg_tt6&cstp=mx1536x2048&ctp=s1536x2048&_nc_cat=108&ccb=1-7&_nc_sid=833d8c&_nc_ohc=nrh1DVnukoIQ7kNvwG2yVYu&_nc_oc=AdqY-iBY1LRiMW7clTFF_nrtdIm6Eed5p75Zal3rQ7x8WwZkjoT5fIeW5qQnRfXX5Bc&_nc_zt=23&_nc_ht=scontent-ams2-1.xx&_nc_gid=57uWwMb4hrAEv8HX3gcCfQ&_nc_ss=782a8&oh=00_AQEKtqU2_ZLAhbYjAo6HZaZ8kmQM2rD9rQ_bEwJcv6rRew&oe=6A7A6BD3","474606927_1174131407751975_5157206829141183314_n.jpg","No photo description available."
"119","505020977996358","stutes-facebook-119-505020977996358.jpg","1536","2048","https://www.facebook.com/photo.php?fbid=505020977996358&set=pb.100064619866357.-2207520000&type=3","https://scontent-ams2-1.xx.fbcdn.net/v/t39.30808-6/474518036_1174131484418634_2605334246672638454_n.jpg?stp=dst-jpg_tt6&cstp=mx1536x2048&ctp=s1536x2048&_nc_cat=108&ccb=1-7&_nc_sid=833d8c&_nc_ohc=VUF_fkbCnKoQ7kNvwH31yTr&_nc_oc=AdqvSAOYF4Q473QVoW-7gTDUGTip6Mi6i73y3j9dLF9UdAnJEBy-VSCrsIumGaWd8nc&_nc_zt=23&_nc_ht=scontent-ams2-1.xx&_nc_gid=7HGAqaMI6yRoIxQO6QyRQw&_nc_ss=782a8&oh=00_AQFllRvkfUdZ8YA1LLDBbz9MoblmdlTdPcyyyIJOnAbeAg&oe=6A7A6DD5","474518036_1174131484418634_2605334246672638454_n.jpg","No photo description available."
"120","505020917996364","stutes-facebook-120-505020917996364.jpg","1536","2048","https://www.facebook.com/photo.php?fbid=505020917996364&set=pb.100064619866357.-2207520000&type=3","https://scontent-ams2-1.xx.fbcdn.net/v/t39.30808-6/474518036_1174131484418634_2605334246672638454_n.jpg?stp=dst-jpg_tt6&cstp=mx1536x2048&ctp=s1536x2048&_nc_cat=108&ccb=1-7&_nc_sid=833d8c&_nc_ohc=VUF_fkbCnKoQ7kNvwH31yTr&_nc_oc=AdqvSAOYF4Q473QVoW-7gTDUGTip6Mi6i73y3j9dLF9UdAnJEBy-VSCrsIumGaWd8nc&_nc_zt=23&_nc_ht=scontent-ams2-1.xx&_nc_gid=7HGAqaMI6yRoIxQO6QyRQw&_nc_ss=782a8&oh=00_AQFllRvkfUdZ8YA1LLDBbz9MoblmdlTdPcyyyIJOnAbeAg&oe=6A7A6DD5","474518036_1174131484418634_2605334246672638454_n.jpg","No photo description available."
"121","505020911329698","stutes-facebook-121-505020911329698.jpg","1536","2048","https://www.facebook.com/photo.php?fbid=505020911329698&set=pb.100064619866357.-2207520000&type=3","https://scontent-ams2-1.xx.fbcdn.net/v/t39.30808-6/474093409_1174131457751970_2897311796352037394_n.jpg?stp=dst-jpg_tt6&cstp=mx1536x2048&ctp=s1536x2048&_nc_cat=111&ccb=1-7&_nc_sid=833d8c&_nc_ohc=Yrc6ylNhRDYQ7kNvwEnVydS&_nc_oc=AdrzNxSn1JhTpvDm4GS6ZKiY06we5IgFODaZ9KEmdYTohoqB7pbnaalVo-1mZRnUal0&_nc_zt=23&_nc_ht=scontent-ams2-1.xx&_nc_gid=YCM3Ddd4R-nZaNRnxzVPsg&_nc_ss=782a8&oh=00_AQH3NeYW0JJRzc7tTitMFYz8psOXlqIdselsmBy_FVgSbQ&oe=6A7A4950","474093409_1174131457751970_2897311796352037394_n.jpg","No photo description available."
"122","497327992098990","stutes-facebook-122-497327992098990.jpg","1536","2048","https://www.facebook.com/photo.php?fbid=497327992098990&set=pb.100064619866357.-2207520000&type=3","https://scontent-ams2-1.xx.fbcdn.net/v/t39.30808-6/474121881_1174131411085308_3920986642772194539_n.jpg?stp=dst-jpg_tt6&cstp=mx1536x2048&ctp=s1536x2048&_nc_cat=107&ccb=1-7&_nc_sid=833d8c&_nc_ohc=TAqyzqKtx6oQ7kNvwHjiUyA&_nc_oc=AdrOQydxsN5zxVOAOGuPoT3KVy15BJgJZbzv5Lkr7BdXF6Rgfz9BQ4h8Rz7MGcDGwY8&_nc_zt=23&_nc_ht=scontent-ams2-1.xx&_nc_gid=2-JLwkvw5fkKijfvcD-UQw&_nc_ss=782a8&oh=00_AQFjo4NEJXcFszRd5wZ6DKkOgl_gGl8e9lQxQb7q-xr51g&oe=6A7A5E8E","474121881_1174131411085308_3920986642772194539_n.jpg","No photo description available."
"123","497327962098993","stutes-facebook-123-497327962098993.jpg","960","720","https://www.facebook.com/photo.php?fbid=497327962098993&set=pb.100064619866357.-2207520000&type=3","https://scontent-ams2-1.xx.fbcdn.net/v/t39.30808-6/474583351_1174110937754022_7976900653516256360_n.jpg?stp=dst-jpg_tt6&cstp=mx960x720&ctp=s960x720&_nc_cat=105&ccb=1-7&_nc_sid=833d8c&_nc_ohc=OOAYIAVzScEQ7kNvwEVR9-7&_nc_oc=Adr7zclIsWw8xsXtE7vBEdGrkHfkSTJJ_WJT3kthuJdm0w8TJM_dmweQi3q943U66QQ&_nc_zt=23&_nc_ht=scontent-ams2-1.xx&_nc_gid=d4Buxdy8l7zUhHYcsmUqzA&_nc_ss=782a8&oh=00_AQFWi4Mx0-IKbrDKzd7RBl6Y_N-haBhpNUxds8g3MjaQqg&oe=6A7A4D73","474583351_1174110937754022_7976900653516256360_n.jpg","No photo description available."
"124","497327922098997","stutes-facebook-124-497327922098997.jpg","1536","2048","https://www.facebook.com/photo.php?fbid=497327922098997&set=pb.100064619866357.-2207520000&type=3","https://scontent-ams2-1.xx.fbcdn.net/v/t39.30808-6/474587225_1174110601087389_1395352631830166119_n.jpg?stp=dst-jpg_tt6&cstp=mx1536x2048&ctp=s1536x2048&_nc_cat=101&ccb=1-7&_nc_sid=833d8c&_nc_ohc=_GIhcHrsCLUQ7kNvwFuODhY&_nc_oc=AdrUeh4ZiB__jjA4s3pPldt5oVrHjZMhPAqDejuUhs_SRKPMyituZghQ3AnsWSe0om8&_nc_zt=23&_nc_ht=scontent-ams2-1.xx&_nc_gid=JyaU9U_MhDQgcVq7CaufBg&_nc_ss=782a8&oh=00_AQH0HJgvts999Ty-SJw-iGIoT28PlqhmxtsXUDJEcSHrZQ&oe=6A7A4878","474587225_1174110601087389_1395352631830166119_n.jpg","No photo description available."
"125","497327898765666","stutes-facebook-125-497327898765666.jpg","1536","2048","https://www.facebook.com/photo.php?fbid=497327898765666&set=pb.100064619866357.-2207520000&type=3","https://scontent-ams2-1.xx.fbcdn.net/v/t39.30808-6/474587225_1174110601087389_1395352631830166119_n.jpg?stp=dst-jpg_tt6&cstp=mx1536x2048&ctp=s1536x2048&_nc_cat=101&ccb=1-7&_nc_sid=833d8c&_nc_ohc=_GIhcHrsCLUQ7kNvwFuODhY&_nc_oc=AdrUeh4ZiB__jjA4s3pPldt5oVrHjZMhPAqDejuUhs_SRKPMyituZghQ3AnsWSe0om8&_nc_zt=23&_nc_ht=scontent-ams2-1.xx&_nc_gid=JyaU9U_MhDQgcVq7CaufBg&_nc_ss=782a8&oh=00_AQH0HJgvts999Ty-SJw-iGIoT28PlqhmxtsXUDJEcSHrZQ&oe=6A7A4878","474587225_1174110601087389_1395352631830166119_n.jpg","No photo description available."
"126","497327865432336","stutes-facebook-126-497327865432336.jpg","1536","2048","https://www.facebook.com/photo.php?fbid=497327865432336&set=pb.100064619866357.-2207520000&type=3","https://scontent-ams2-1.xx.fbcdn.net/v/t39.30808-6/474549445_1174110571087392_6160931236993253130_n.jpg?stp=dst-jpg_tt6&cstp=mx1536x2048&ctp=s1536x2048&_nc_cat=107&ccb=1-7&_nc_sid=833d8c&_nc_ohc=hYJhQ3w39t4Q7kNvwESZnsE&_nc_oc=AdqcSWZF_0ycTPOhygfatVSMzq8pqnc2OF_F8mhvpnT0NbcwBG85c4AaDRln2YsqjiU&_nc_zt=23&_nc_ht=scontent-ams2-1.xx&_nc_gid=PMSU0l_MMpWcGm9bOmGPpw&_nc_ss=782a8&oh=00_AQHRK-FfhlrcPVxlQKMqZYPTMYm-JTb8GhZ4DHiZZQ-_QQ&oe=6A7A7311","474549445_1174110571087392_6160931236993253130_n.jpg","No photo description available."
"127","497327825432340","stutes-facebook-127-497327825432340.jpg","1536","2048","https://www.facebook.com/photo.php?fbid=497327825432340&set=pb.100064619866357.-2207520000&type=3","https://scontent-ams2-1.xx.fbcdn.net/v/t39.30808-6/474021516_1174110567754059_6564119497118492015_n.jpg?stp=dst-jpg_tt6&cstp=mx1536x2048&ctp=s1536x2048&_nc_cat=107&ccb=1-7&_nc_sid=833d8c&_nc_ohc=CmcHOcdDW_sQ7kNvwGLi2WO&_nc_oc=AdpXpHz5ho70G9xt01pJW43TU2Eqfrm0b5oiuDhXKrTZE0lKMsoflYWOYPKstV5g93w&_nc_zt=23&_nc_ht=scontent-ams2-1.xx&_nc_gid=NYJph8I7KsynUfne970KPQ&_nc_ss=782a8&oh=00_AQEgJ77ZmKrw2jMkmDFTyef7d7hEIYcUrVR3DU9V_KhbBg&oe=6A7A76EF","474021516_1174110567754059_6564119497118492015_n.jpg","No photo description available."
"128","497327815432341","stutes-facebook-128-497327815432341.jpg","1536","2048","https://www.facebook.com/photo.php?fbid=497327815432341&set=pb.100064619866357.-2207520000&type=3","https://scontent-ams2-1.xx.fbcdn.net/v/t39.30808-6/474394446_1174110814420701_4425839954778022001_n.jpg?stp=dst-jpg_tt6&cstp=mx1536x2048&ctp=s1536x2048&_nc_cat=110&ccb=1-7&_nc_sid=833d8c&_nc_ohc=tsElnuscb7gQ7kNvwE-TUTr&_nc_oc=AdqyaKBD_8BWS-E-2o8fJll5o1SJnietSYxiOFURwCysEra7NvKE3sbFjjZzO6UtGMw&_nc_zt=23&_nc_ht=scontent-ams2-1.xx&_nc_gid=97j0JCV9Y4mCPGNvErelvw&_nc_ss=782a8&oh=00_AQE1SVfZAE63uhYxH6ko9YOFpGOJyHX9S1p3uyxK2JIGIQ&oe=6A7A753B","474394446_1174110814420701_4425839954778022001_n.jpg","No photo description available."
"129","480030207162102","stutes-facebook-129-480030207162102.jpg","1536","2048","https://www.facebook.com/photo.php?fbid=480030207162102&set=pb.100064619866357.-2207520000&type=3","https://scontent-ams2-1.xx.fbcdn.net/v/t39.30808-6/474050973_1174110627754053_1843960676956278309_n.jpg?stp=dst-jpg_tt6&cstp=mx1536x2048&ctp=s1536x2048&_nc_cat=110&ccb=1-7&_nc_sid=833d8c&_nc_ohc=9R8L3iPinQEQ7kNvwGf528p&_nc_oc=AdooI9Q-6IwTjFVjfFkU3MAJLQ2RrQBT6cd6SLmypMw-Tdnad3j8hBsz9B9F1W_XySk&_nc_zt=23&_nc_ht=scontent-ams2-1.xx&_nc_gid=AEcYBflqBqNStQYd1DvLXA&_nc_ss=782a8&oh=00_AQF4QqhPNOTLJUkj0FKDFOBXxPSFd08kJpjPrbDpgiadtw&oe=6A7A7697","474050973_1174110627754053_1843960676956278309_n.jpg","No photo description available."
"130","474021194429670","stutes-facebook-130-474021194429670.jpg","999","999","https://www.facebook.com/photo.php?fbid=474021194429670&set=pb.100064619866357.-2207520000&type=3","https://scontent-ams2-1.xx.fbcdn.net/v/t39.30808-6/474515431_1173872524444530_6859686226652210720_n.jpg?stp=dst-jpg_tt6&cstp=mx999x999&ctp=s999x999&_nc_cat=104&ccb=1-7&_nc_sid=833d8c&_nc_ohc=41v-G4zBaMUQ7kNvwG_JDe-&_nc_oc=AdqBFt5aouye6y3BGhpe1YVADMdCdC8-ot209Mc-NElbVLdklzoeyn14WdbmnfeTq-g&_nc_zt=23&_nc_ht=scontent-ams2-1.xx&_nc_gid=7joLoedWUjAgG6q17qtc2g&_nc_ss=782a8&oh=00_AQHhl5RlfhUQngFM0jcw_H_Ty8x-8Nw2PSeJ0vX8jMoP_A&oe=6A7A4811","474515431_1173872524444530_6859686226652210720_n.jpg","No photo description available."
"131","473872314444558","stutes-facebook-131-473872314444558.jpg","1125","1777","https://www.facebook.com/photo.php?fbid=473872314444558&set=pb.100064619866357.-2207520000&type=3","https://scontent-ams2-1.xx.fbcdn.net/v/t39.30808-6/474295447_1173333447831771_8930975118991279486_n.jpg?stp=dst-jpg_tt6&cstp=mx1125x1777&ctp=s1125x1777&_nc_cat=106&ccb=1-7&_nc_sid=833d8c&_nc_ohc=fE-BCw8qlpEQ7kNvwH5QjFG&_nc_oc=AdrSSH5Tm3hmge9lehgrTJgDmGnIjAyQA5LjwC58oICf2lvXJyvUuIEEicUlFaOmRio&_nc_zt=23&_nc_ht=scontent-ams2-1.xx&_nc_gid=kx603r_mWkJJnXCXulMZTg&_nc_ss=782a8&oh=00_AQGrioW0adEex6uOedgfddPZOFbCACAzBCMsmw8RE15pmA&oe=6A7A6F6A","474295447_1173333447831771_8930975118991279486_n.jpg","No photo description available."
"132","473872281111228","stutes-facebook-132-473872281111228.jpg","980","548","https://www.facebook.com/photo.php?fbid=473872281111228&set=pb.100064619866357.-2207520000&type=3","https://scontent-ams2-1.xx.fbcdn.net/v/t39.30808-6/473641020_1173332284498554_3116174035716449863_n.jpg?stp=dst-jpg_tt6&cstp=mx980x548&ctp=s980x548&_nc_cat=105&ccb=1-7&_nc_sid=833d8c&_nc_ohc=LYTNE3r5kTIQ7kNvwEbKaNF&_nc_oc=Adp7w7NoiTpSve8woq44_Wnpc0UxRzb8QvD9Fj90--LwShpI1_6IYQ6uYJ4qEsp5RV0&_nc_zt=23&_nc_ht=scontent-ams2-1.xx&_nc_gid=NWnsCKHJ5cDXjAqqVkmD3Q&_nc_ss=782a8&oh=00_AQFRs2xZXZVnOh5I-7TAdiRrYoDH0JLT9Wdac0vFK4KTrg&oe=6A7A49CB","473641020_1173332284498554_3116174035716449863_n.jpg","No photo description available."
"133","473872274444562","stutes-facebook-133-473872274444562.jpg","877","596","https://www.facebook.com/photo.php?fbid=473872274444562&set=pb.100064619866357.-2207520000&type=3","https://scontent-ams2-1.xx.fbcdn.net/v/t39.30808-6/474250417_1173332067831909_6646127520464260459_n.jpg?stp=dst-jpg_tt6&cstp=mx877x596&ctp=s877x596&_nc_cat=105&ccb=1-7&_nc_sid=833d8c&_nc_ohc=6vrHntPIGbkQ7kNvwF0Lz72&_nc_oc=AdoB0UM0zO0nYyfY3da6yJePiIfL2cHXO4OKR2BwmXsAXrPjF7dmn-brAYmBPLBFKhw&_nc_zt=23&_nc_ht=scontent-ams2-1.xx&_nc_gid=P71QDBA_9X_gbSy0NFFYSQ&_nc_ss=782a8&oh=00_AQGPjlDGuyZOWiqkg9-Yq6JQhUBRvH7x3vaG7xwEa21uuw&oe=6A7A4EB7","474250417_1173332067831909_6646127520464260459_n.jpg","No photo description available."
"134","461220142376442","stutes-facebook-134-461220142376442.jpg","1536","2048","https://www.facebook.com/photo.php?fbid=461220142376442&set=pb.100064619866357.-2207520000&type=3","https://scontent-ams2-1.xx.fbcdn.net/v/t39.30808-6/474087254_1172666987898417_8858043781489578540_n.jpg?stp=dst-jpg_tt6&cstp=mx1536x2048&ctp=s1536x2048&_nc_cat=111&ccb=1-7&_nc_sid=833d8c&_nc_ohc=bW7fq_1llKYQ7kNvwEVA0DR&_nc_oc=Adp-A4_Z4KgGgMZV0-go5Qc1XJ8I33fgs49TbmcZiXk7eQ3wVtMpQdkA_G1e67LgXYE&_nc_zt=23&_nc_ht=scontent-ams2-1.xx&_nc_gid=MBjY1YLR15yJSqKER-wXBw&_nc_ss=782a8&oh=00_AQFMEseWx32BE5Iueu4EPLyZhY9TebV7PIiblDNnLWsD7g&oe=6A7A69C2","474087254_1172666987898417_8858043781489578540_n.jpg","No photo description available."
"135","461220109043112","stutes-facebook-135-461220109043112.jpg","1536","2048","https://www.facebook.com/photo.php?fbid=461220109043112&set=pb.100064619866357.-2207520000&type=3","https://scontent-ams2-1.xx.fbcdn.net/v/t39.30808-6/474087254_1172666987898417_8858043781489578540_n.jpg?stp=dst-jpg_tt6&cstp=mx1536x2048&ctp=s1536x2048&_nc_cat=111&ccb=1-7&_nc_sid=833d8c&_nc_ohc=bW7fq_1llKYQ7kNvwEVA0DR&_nc_oc=Adp-A4_Z4KgGgMZV0-go5Qc1XJ8I33fgs49TbmcZiXk7eQ3wVtMpQdkA_G1e67LgXYE&_nc_zt=23&_nc_ht=scontent-ams2-1.xx&_nc_gid=MBjY1YLR15yJSqKER-wXBw&_nc_ss=782a8&oh=00_AQFMEseWx32BE5Iueu4EPLyZhY9TebV7PIiblDNnLWsD7g&oe=6A7A69C2","474087254_1172666987898417_8858043781489578540_n.jpg","No photo description available."
"136","461220082376448","stutes-facebook-136-461220082376448.jpg","1536","2048","https://www.facebook.com/photo.php?fbid=461220082376448&set=pb.100064619866357.-2207520000&type=3","https://scontent-ams2-1.xx.fbcdn.net/v/t39.30808-6/474101386_1172666911231758_3038567050575292741_n.jpg?stp=dst-jpg_tt6&cstp=mx1536x2048&ctp=s1536x2048&_nc_cat=103&ccb=1-7&_nc_sid=833d8c&_nc_ohc=5meYOpbyb34Q7kNvwHilnHV&_nc_oc=Adr2DQntSD7TpNojQGh_6uR-MYdvakg_R41rGttYdPHPMqSe4M16QURfvCJ5MNu5RVk&_nc_zt=23&_nc_ht=scontent-ams2-1.xx&_nc_gid=3W40kr4aikqwr1dk7NMfWw&_nc_ss=782a8&oh=00_AQF2lWIGqZOr4fff9GBmINJsmD7hSJiq-hbQYO2gXENFGQ&oe=6A7A7AE4","474101386_1172666911231758_3038567050575292741_n.jpg","No photo description available."
"137","461220055709784","stutes-facebook-137-461220055709784.jpg","1536","2048","https://www.facebook.com/photo.php?fbid=461220055709784&set=pb.100064619866357.-2207520000&type=3","https://scontent-ams2-1.xx.fbcdn.net/v/t39.30808-6/474068810_1172666904565092_3156586391436516031_n.jpg?stp=dst-jpg_tt6&cstp=mx1536x2048&ctp=s1536x2048&_nc_cat=106&ccb=1-7&_nc_sid=833d8c&_nc_ohc=u8EAn3ro2bgQ7kNvwEZfhO2&_nc_oc=AdqV_wvB8knKNmLPTGPA4fRQzS03-Dm3fWvNW_SPyM0IuWOJ4ZoERu9hbFAvi3c5ueg&_nc_zt=23&_nc_ht=scontent-ams2-1.xx&_nc_gid=zgt-BS4XUYJtU0pNgEVvPA&_nc_ss=782a8&oh=00_AQFOpYoJU01CEWYPAvx4N_jx80aRVVWVIXfuRzp4Me9F8A&oe=6A7A5323","474068810_1172666904565092_3156586391436516031_n.jpg","No photo description available."
"138","461220025709787","stutes-facebook-138-461220025709787.jpg","1536","2048","https://www.facebook.com/photo.php?fbid=461220025709787&set=pb.100064619866357.-2207520000&type=3","https://scontent-ams2-1.xx.fbcdn.net/v/t39.30808-6/474220802_1172667004565082_8604111569948005432_n.jpg?stp=dst-jpg_tt6&cstp=mx1536x2048&ctp=s1536x2048&_nc_cat=109&ccb=1-7&_nc_sid=833d8c&_nc_ohc=MvHRXn5qNz4Q7kNvwFRyuvF&_nc_oc=Adrc8juX-TrpWFLWLGVpLP5eNxdJtXd-mw34W-zmIdtR6hD8VEuqgvMkaA-T9PFLNcc&_nc_zt=23&_nc_ht=scontent-ams2-1.xx&_nc_gid=CDjmUtrcxRmuzM95TkQHIg&_nc_ss=782a8&oh=00_AQHMKAfG8cn0o0-T0P_QhOAGzIH5WsqdvE3Y7jnPJZLcHQ&oe=6A7A51E4","474220802_1172667004565082_8604111569948005432_n.jpg","No photo description available."
"139","461219999043123","stutes-facebook-139-461219999043123.jpg","1536","2048","https://www.facebook.com/photo.php?fbid=461219999043123&set=pb.100064619866357.-2207520000&type=3","https://scontent-ams2-1.xx.fbcdn.net/v/t39.30808-6/474220802_1172667004565082_8604111569948005432_n.jpg?stp=dst-jpg_tt6&cstp=mx1536x2048&ctp=s1536x2048&_nc_cat=109&ccb=1-7&_nc_sid=833d8c&_nc_ohc=MvHRXn5qNz4Q7kNvwFRyuvF&_nc_oc=Adrc8juX-TrpWFLWLGVpLP5eNxdJtXd-mw34W-zmIdtR6hD8VEuqgvMkaA-T9PFLNcc&_nc_zt=23&_nc_ht=scontent-ams2-1.xx&_nc_gid=CDjmUtrcxRmuzM95TkQHIg&_nc_ss=782a8&oh=00_AQHMKAfG8cn0o0-T0P_QhOAGzIH5WsqdvE3Y7jnPJZLcHQ&oe=6A7A51E4","474220802_1172667004565082_8604111569948005432_n.jpg","No photo description available."
"140","461219969043126","stutes-facebook-140-461219969043126.jpg","1536","2048","https://www.facebook.com/photo.php?fbid=461219969043126&set=pb.100064619866357.-2207520000&type=3","https://scontent-ams2-1.xx.fbcdn.net/v/t39.30808-6/474364726_1172667024565080_61218901442834449_n.jpg?stp=dst-jpg_tt6&cstp=mx1536x2048&ctp=s1536x2048&_nc_cat=101&ccb=1-7&_nc_sid=833d8c&_nc_ohc=t0MOksfzki8Q7kNvwEb3tEr&_nc_oc=AdrD7VEBHZk0pPzJ-1ktzRr8Xno1Gl531hO7mHORHtdpjoi4dpTNY8w-fWrJKtBvOSo&_nc_zt=23&_nc_ht=scontent-ams2-1.xx&_nc_gid=4KNxf6DyQ8CDqolU9WCMxQ&_nc_ss=782a8&oh=00_AQH9-hQ2tEE2_A5fms49qB90uO4hPlujSKeMbqFkBsL27A&oe=6A7A56BC","474364726_1172667024565080_61218901442834449_n.jpg","No photo description available."
"141","461219945709795","stutes-facebook-141-461219945709795.jpg","1536","2048","https://www.facebook.com/photo.php?fbid=461219945709795&set=pb.100064619866357.-2207520000&type=3","https://scontent-ams2-1.xx.fbcdn.net/v/t39.30808-6/474097793_1172666917898424_3085387219008808293_n.jpg?stp=dst-jpg_tt6&cstp=mx1536x2048&ctp=s1536x2048&_nc_cat=110&ccb=1-7&_nc_sid=833d8c&_nc_ohc=5XlMf-pO6Q8Q7kNvwEtuBR6&_nc_oc=Adr24KRTOtuAJKTXODBma_ugv7qWPYawLl2ljFjAmIWGGLWJvZMVpc2FrW9WUf5Tyys&_nc_zt=23&_nc_ht=scontent-ams2-1.xx&_nc_gid=bjqJ5296_rVf89A_GJYPCg&_nc_ss=782a8&oh=00_AQG4wodOpNX-eJxF4CxZENqXBpvaUQH7wFlJaB6WISlI1g&oe=6A7A7F47","474097793_1172666917898424_3085387219008808293_n.jpg","No photo description available."
"142","461219915709798","stutes-facebook-142-461219915709798.jpg","2048","1734","https://www.facebook.com/photo.php?fbid=461219915709798&set=pb.100064619866357.-2207520000&type=3","https://scontent-ams2-1.xx.fbcdn.net/v/t39.30808-6/474212908_1172666907898425_5746157488298655298_n.jpg?stp=dst-jpg_tt6&cstp=mx2048x1734&ctp=s2048x1734&_nc_cat=102&ccb=1-7&_nc_sid=833d8c&_nc_ohc=pEjQyx9ws2QQ7kNvwGXlTBb&_nc_oc=AdpGTtPO0IX7pOTS_LtZ0YjCZTnBANb4UV4umKHHEV0FU21drwR-vQ5ZiWpPimxdMqY&_nc_zt=23&_nc_ht=scontent-ams2-1.xx&_nc_gid=YrpdgyDh55hmlenzajS0ig&_nc_ss=782a8&oh=00_AQEyRgP_FpKmRRiXwb6yTg4yhwGYw830palFrfe8ywZJig&oe=6A7A6691","474212908_1172666907898425_5746157488298655298_n.jpg","No photo description available."
"143","461219889043134","stutes-facebook-143-461219889043134.jpg","1536","2048","https://www.facebook.com/photo.php?fbid=461219889043134&set=pb.100064619866357.-2207520000&type=3","https://scontent-ams2-1.xx.fbcdn.net/v/t39.30808-6/474158844_1172666961231753_6835318286778924841_n.jpg?stp=dst-jpg_tt6&cstp=mx1536x2048&ctp=s1536x2048&_nc_cat=102&ccb=1-7&_nc_sid=833d8c&_nc_ohc=A2kFpGt_oeoQ7kNvwHyWiF7&_nc_oc=AdqbLmpTOhsCj0t_AzHIe_cyZeMmRsuOnUOGK7eWPNb_9XX_pHxZdufdRtdgF7xjx4E&_nc_zt=23&_nc_ht=scontent-ams2-1.xx&_nc_gid=YrqEcY8WKFpkkr-LtxYvwg&_nc_ss=782a8&oh=00_AQHYasDEcotKZersjj40xHEYYsBvAysTjfZbqDBcJbzpYg&oe=6A7A5963","474158844_1172666961231753_6835318286778924841_n.jpg","No photo description available."
"144","461219859043137","stutes-facebook-144-461219859043137.jpg","1536","2048","https://www.facebook.com/photo.php?fbid=461219859043137&set=pb.100064619866357.-2207520000&type=3","https://scontent-ams2-1.xx.fbcdn.net/v/t39.30808-6/474140594_1172666974565085_7894900418599899485_n.jpg?stp=dst-jpg_tt6&cstp=mx1536x2048&ctp=s1536x2048&_nc_cat=106&ccb=1-7&_nc_sid=833d8c&_nc_ohc=emw6h9V5v_YQ7kNvwGfGur-&_nc_oc=AdphbFMrwu8Z9uBsifJLMDpm9ImIMpTJhN7j2PMDz6DrkXJ63b4k-2krTH6OHwdsnsU&_nc_zt=23&_nc_ht=scontent-ams2-1.xx&_nc_gid=ikXdAAItofQ3VfQcKDBYJw&_nc_ss=782a8&oh=00_AQHyEZhqL7ne89qlG6MbUcz9NG2PIAlPXjsPRIGPhkYLYg&oe=6A7A71E8","474140594_1172666974565085_7894900418599899485_n.jpg","No photo description available."
"145","461219835709806","stutes-facebook-145-461219835709806.jpg","1536","2048","https://www.facebook.com/photo.php?fbid=461219835709806&set=pb.100064619866357.-2207520000&type=3","https://scontent-ams2-1.xx.fbcdn.net/v/t39.30808-6/474671179_1172667061231743_79051941729303042_n.jpg?stp=dst-jpg_tt6&cstp=mx1536x2048&ctp=s1536x2048&_nc_cat=107&ccb=1-7&_nc_sid=833d8c&_nc_ohc=6aGU2WVsgu4Q7kNvwHqQcam&_nc_oc=AdrwwMWsUClCBrJTYWc1nqziRF5MONFwjRBdLdYDzZJujbTIHUN5uYVMk-Ht4kPzxbw&_nc_zt=23&_nc_ht=scontent-ams2-1.xx&_nc_gid=9lzsT-RExa-jJBDSZwwx1g&_nc_ss=782a8&oh=00_AQGWTUiIMt5Tc6WdtKfpIX8VkkvdHqUdR5Jw4TKygZOgXQ&oe=6A7A60BE","474671179_1172667061231743_79051941729303042_n.jpg","No photo description available."
"146","461219809043142","stutes-facebook-146-461219809043142.jpg","1536","2048","https://www.facebook.com/photo.php?fbid=461219809043142&set=pb.100064619866357.-2207520000&type=3","https://scontent-ams2-1.xx.fbcdn.net/v/t39.30808-6/474387451_1172666957898420_1250736820866339038_n.jpg?stp=dst-jpg_tt6&cstp=mx1536x2048&ctp=s1536x2048&_nc_cat=108&ccb=1-7&_nc_sid=833d8c&_nc_ohc=C9jf9F-7kZoQ7kNvwHzf6HC&_nc_oc=AdoCMPJOiSMCDfjgQauvIoM2AddTQVgz4LFLOC-32u5vAA0Bz9ZT-V4K4y84i5R3-B0&_nc_zt=23&_nc_ht=scontent-ams2-1.xx&_nc_gid=U5Brs3-vdE18OoH6nPv_Zg&_nc_ss=782a8&oh=00_AQEJV0OGke_oYVtAHTk3rLz7GYsFNypgvcp50kFPNbnWBA&oe=6A7A4CF0","474387451_1172666957898420_1250736820866339038_n.jpg","No photo description available."
"147","461219782376478","stutes-facebook-147-461219782376478.jpg","1536","2048","https://www.facebook.com/photo.php?fbid=461219782376478&set=pb.100064619866357.-2207520000&type=3","https://scontent-ams2-1.xx.fbcdn.net/v/t39.30808-6/474490429_1172667057898410_8510349817779071839_n.jpg?stp=dst-jpg_tt6&cstp=mx1536x2048&ctp=s1536x2048&_nc_cat=104&ccb=1-7&_nc_sid=833d8c&_nc_ohc=IvkIubImwU0Q7kNvwFh4zS_&_nc_oc=AdocFCf9AEPK54isG2cebXp6ecwlb4XUtOKlXQZZPo3NyXLmGy8wBGPR2gN1F3f2cug&_nc_zt=23&_nc_ht=scontent-ams2-1.xx&_nc_gid=Z2QbnJjLJLDf0g2qDfFb1g&_nc_ss=782a8&oh=00_AQGd0aBEplf4gY0tlcSw9RPuTFjP9h8lBiJT0acytLzsiQ&oe=6A7A6D45","474490429_1172667057898410_8510349817779071839_n.jpg","No photo description available."
"148","461219755709814","stutes-facebook-148-461219755709814.jpg","1536","2048","https://www.facebook.com/photo.php?fbid=461219755709814&set=pb.100064619866357.-2207520000&type=3","https://scontent-ams2-1.xx.fbcdn.net/v/t39.30808-6/474174087_1172667097898406_1793391336755997321_n.jpg?stp=dst-jpg_tt6&cstp=mx1536x2048&ctp=s1536x2048&_nc_cat=106&ccb=1-7&_nc_sid=833d8c&_nc_ohc=1h0_P_hOgB0Q7kNvwFcfWRS&_nc_oc=AdqUiGQMfOiXjjWcjem6QFkuJQ0_9nMc_FGkRilI2An5rmTcQjaVKzhmOhPX7aegYnQ&_nc_zt=23&_nc_ht=scontent-ams2-1.xx&_nc_gid=NuTbym0HjRj-E09MXCJUmw&_nc_ss=782a8&oh=00_AQEf7m1_-aNkjf6Wy8WGpyC5niXP8rWKLVBwn_OnjED8DQ&oe=6A7A725C","474174087_1172667097898406_1793391336755997321_n.jpg","No photo description available."
"149","461219722376484","stutes-facebook-149-461219722376484.jpg","1536","2048","https://www.facebook.com/photo.php?fbid=461219722376484&set=pb.100064619866357.-2207520000&type=3","https://scontent-ams2-1.xx.fbcdn.net/v/t39.30808-6/474174087_1172667097898406_1793391336755997321_n.jpg?stp=dst-jpg_tt6&cstp=mx1536x2048&ctp=s1536x2048&_nc_cat=106&ccb=1-7&_nc_sid=833d8c&_nc_ohc=1h0_P_hOgB0Q7kNvwFcfWRS&_nc_oc=AdqUiGQMfOiXjjWcjem6QFkuJQ0_9nMc_FGkRilI2An5rmTcQjaVKzhmOhPX7aegYnQ&_nc_zt=23&_nc_ht=scontent-ams2-1.xx&_nc_gid=NuTbym0HjRj-E09MXCJUmw&_nc_ss=782a8&oh=00_AQEf7m1_-aNkjf6Wy8WGpyC5niXP8rWKLVBwn_OnjED8DQ&oe=6A7A725C","474174087_1172667097898406_1793391336755997321_n.jpg","No photo description available."
"150","461219695709820","stutes-facebook-150-461219695709820.jpg","1536","2048","https://www.facebook.com/photo.php?fbid=461219695709820&set=pb.100064619866357.-2207520000&type=3","https://scontent-ams2-1.xx.fbcdn.net/v/t39.30808-6/474130155_1172666984565084_2163547633121316819_n.jpg?stp=dst-jpg_tt6&cstp=mx1536x2048&ctp=s1536x2048&_nc_cat=106&ccb=1-7&_nc_sid=833d8c&_nc_ohc=juZBeXHVSOwQ7kNvwEsfLXj&_nc_oc=Ado9DfpH-RoVxuNlO7M58g1uTqcn8l73GhQBy8y5E4pHYDmj4O6EJllEk4ztfqcQq3I&_nc_zt=23&_nc_ht=scontent-ams2-1.xx&_nc_gid=NueI-7v7yW2wuUfsriDRAw&_nc_ss=782a8&oh=00_AQH1yuqcmrTEm4dHg9spZQMfpaZCeBlt9kkXA36HPtiExg&oe=6A7A7597","474130155_1172666984565084_2163547633121316819_n.jpg","No photo description available."
"151","461219669043156","stutes-facebook-151-461219669043156.jpg","1536","2048","https://www.facebook.com/photo.php?fbid=461219669043156&set=pb.100064619866357.-2207520000&type=3","https://scontent-ams2-1.xx.fbcdn.net/v/t39.30808-6/474079744_1172667094565073_3026287602712134182_n.jpg?stp=dst-jpg_tt6&cstp=mx1536x2048&ctp=s1536x2048&_nc_cat=110&ccb=1-7&_nc_sid=833d8c&_nc_ohc=O-W9WTob6DYQ7kNvwFMHl1v&_nc_oc=Adp_8dkWsBwcusKiNqMQVNXS6XqzhPr8awyBhcvm_nCw2LIjHBC6wa75hAgnKR-djGw&_nc_zt=23&_nc_ht=scontent-ams2-1.xx&_nc_gid=1R4qisB0_mOvW8aEIFjXQg&_nc_ss=7e2a8&oh=00_AQFp7DsvjaXlKvAvNrEpN5kS0UszkXboqDfzxJAwBFEgZg&oe=6A7A507F","474079744_1172667094565073_3026287602712134182_n.jpg","No photo description available."
"152","461219639043159","stutes-facebook-152-461219639043159.jpg","1536","2048","https://www.facebook.com/photo.php?fbid=461219639043159&set=pb.100064619866357.-2207520000&type=3","https://scontent-ams2-1.xx.fbcdn.net/v/t39.30808-6/474079744_1172667094565073_3026287602712134182_n.jpg?stp=dst-jpg_tt6&cstp=mx1536x2048&ctp=s1536x2048&_nc_cat=110&ccb=1-7&_nc_sid=833d8c&_nc_ohc=O-W9WTob6DYQ7kNvwFMHl1v&_nc_oc=Adp_8dkWsBwcusKiNqMQVNXS6XqzhPr8awyBhcvm_nCw2LIjHBC6wa75hAgnKR-djGw&_nc_zt=23&_nc_ht=scontent-ams2-1.xx&_nc_gid=1R4qisB0_mOvW8aEIFjXQg&_nc_ss=7e2a8&oh=00_AQFp7DsvjaXlKvAvNrEpN5kS0UszkXboqDfzxJAwBFEgZg&oe=6A7A507F","474079744_1172667094565073_3026287602712134182_n.jpg","No photo description available."
"153","461219602376496","stutes-facebook-153-461219602376496.jpg","1536","2048","https://www.facebook.com/photo.php?fbid=461219602376496&set=pb.100064619866357.-2207520000&type=3","https://scontent-ams2-1.xx.fbcdn.net/v/t39.30808-6/474101826_1172666967898419_355074530787283542_n.jpg?stp=dst-jpg_tt6&cstp=mx1536x2048&ctp=s1536x2048&_nc_cat=109&ccb=1-7&_nc_sid=833d8c&_nc_ohc=DZpNMmscN0oQ7kNvwHw9lGi&_nc_oc=AdryDALSvifF8dldukczj8NYWMZNm1r9DtM1mnxcxX6QqwQs0OUp1xW8Deud0-0aCz8&_nc_zt=23&_nc_ht=scontent-ams2-1.xx&_nc_gid=AyunQChRPb_4sYy5bxHsfw&_nc_ss=7e2a8&oh=00_AQEA8e9zB2LtGbLePHjYwkwE0XW5aUUX8c6juDtZKsTNGg&oe=6A7A4923","474101826_1172666967898419_355074530787283542_n.jpg","No photo description available."
"154","461219565709833","stutes-facebook-154-461219565709833.jpg","1536","2048","https://www.facebook.com/photo.php?fbid=461219565709833&set=pb.100064619866357.-2207520000&type=3","https://scontent-ams2-1.xx.fbcdn.net/v/t39.30808-6/474499553_1172667051231744_8690621493838686633_n.jpg?stp=dst-jpg_tt6&cstp=mx1536x2048&ctp=s1536x2048&_nc_cat=110&ccb=1-7&_nc_sid=833d8c&_nc_ohc=BmKDH4MC3W8Q7kNvwFsBbLb&_nc_oc=AdpbnSqvFTku9irSbJjaMKk0rhF6y71HKwJFUkwHbWnA8MXFc2t3eF2Y72IQ8QAabDU&_nc_zt=23&_nc_ht=scontent-ams2-1.xx&_nc_gid=cdnoozBdFmLjTvSAAncXGQ&_nc_ss=782a8&oh=00_AQEj2sLq4ZEGljU8KjgssWCRRL6baSFWUWd8NtrN9N98Lw&oe=6A7A628C","474499553_1172667051231744_8690621493838686633_n.jpg","No photo description available."
"155","461219539043169","stutes-facebook-155-461219539043169.jpg","1536","2048","https://www.facebook.com/photo.php?fbid=461219539043169&set=pb.100064619866357.-2207520000&type=3","https://scontent-ams2-1.xx.fbcdn.net/v/t39.30808-6/474499553_1172667051231744_8690621493838686633_n.jpg?stp=dst-jpg_tt6&cstp=mx1536x2048&ctp=s1536x2048&_nc_cat=110&ccb=1-7&_nc_sid=833d8c&_nc_ohc=BmKDH4MC3W8Q7kNvwFsBbLb&_nc_oc=AdpbnSqvFTku9irSbJjaMKk0rhF6y71HKwJFUkwHbWnA8MXFc2t3eF2Y72IQ8QAabDU&_nc_zt=23&_nc_ht=scontent-ams2-1.xx&_nc_gid=cdnoozBdFmLjTvSAAncXGQ&_nc_ss=782a8&oh=00_AQEj2sLq4ZEGljU8KjgssWCRRL6baSFWUWd8NtrN9N98Lw&oe=6A7A628C","474499553_1172667051231744_8690621493838686633_n.jpg","No photo description available."
"156","461219509043172","stutes-facebook-156-461219509043172.jpg","1536","2048","https://www.facebook.com/photo.php?fbid=461219509043172&set=pb.100064619866357.-2207520000&type=3","https://scontent-ams2-1.xx.fbcdn.net/v/t39.30808-6/474481483_1172666901231759_1207675210199497454_n.jpg?stp=dst-jpg_tt6&cstp=mx1536x2048&ctp=s1536x2048&_nc_cat=104&ccb=1-7&_nc_sid=833d8c&_nc_ohc=T8RsU3bKXMEQ7kNvwG9JuzF&_nc_oc=AdoJQBnKLrfwooqWhs6_B_h8TB3vkTJMwLdGafcns-v50g0oiDagNUz7_jpcIq0jXDo&_nc_zt=23&_nc_ht=scontent-ams2-1.xx&_nc_gid=znIzQyqWAhoQ_SQdxzRqWw&_nc_ss=782a8&oh=00_AQHs1PIl7C14VRMn-xchtOq3YFSk220MmHQBcMbCHJgRQQ&oe=6A7A6DCD","474481483_1172666901231759_1207675210199497454_n.jpg","No photo description available."
"157","461219482376508","stutes-facebook-157-461219482376508.jpg","1536","2048","https://www.facebook.com/photo.php?fbid=461219482376508&set=pb.100064619866357.-2207520000&type=3","https://scontent-ams2-1.xx.fbcdn.net/v/t39.30808-6/474481483_1172666901231759_1207675210199497454_n.jpg?stp=dst-jpg_tt6&cstp=mx1536x2048&ctp=s1536x2048&_nc_cat=104&ccb=1-7&_nc_sid=833d8c&_nc_ohc=T8RsU3bKXMEQ7kNvwG9JuzF&_nc_oc=AdoJQBnKLrfwooqWhs6_B_h8TB3vkTJMwLdGafcns-v50g0oiDagNUz7_jpcIq0jXDo&_nc_zt=23&_nc_ht=scontent-ams2-1.xx&_nc_gid=znIzQyqWAhoQ_SQdxzRqWw&_nc_ss=782a8&oh=00_AQHs1PIl7C14VRMn-xchtOq3YFSk220MmHQBcMbCHJgRQQ&oe=6A7A6DCD","474481483_1172666901231759_1207675210199497454_n.jpg","No photo description available."
"158","461219439043179","stutes-facebook-158-461219439043179.jpg","1536","2048","https://www.facebook.com/photo.php?fbid=461219439043179&set=pb.100064619866357.-2207520000&type=3","https://scontent-ams2-1.xx.fbcdn.net/v/t39.30808-6/474107522_1172666964565086_1440183660705707996_n.jpg?stp=dst-jpg_tt6&cstp=mx1536x2048&ctp=s1536x2048&_nc_cat=109&ccb=1-7&_nc_sid=833d8c&_nc_ohc=4D8QHcH50PsQ7kNvwH4qvES&_nc_oc=AdpYjoSq3ddsscC0eFuiMjRJN9ceqQ9GO5sCkO6UQ464nMr_xaIQdEzACU0VySR4k3I&_nc_zt=23&_nc_ht=scontent-ams2-1.xx&_nc_gid=ca1CaDyyplf_y_41RYyYaA&_nc_ss=782a8&oh=00_AQGwTKQ97exT05BdQ5L4V2QZsGy3fB6dk3EmpnAvQ_RObQ&oe=6A7A6354","474107522_1172666964565086_1440183660705707996_n.jpg","No photo description available."
"159","461219412376515","stutes-facebook-159-461219412376515.jpg","1536","2048","https://www.facebook.com/photo.php?fbid=461219412376515&set=pb.100064619866357.-2207520000&type=3","https://scontent-ams2-1.xx.fbcdn.net/v/t39.30808-6/474184708_1172666971231752_4932407891299649899_n.jpg?stp=dst-jpg_tt6&cstp=mx1536x2048&ctp=s1536x2048&_nc_cat=100&ccb=1-7&_nc_sid=833d8c&_nc_ohc=b4sknjGdcqMQ7kNvwGvOBrF&_nc_oc=AdobQKPvZn3iJQEYHvFfBhQ3B5749Zj3JaPHEoT5wuNOiiZ5AFSS4Jp7OIjedkOtXzw&_nc_zt=23&_nc_ht=scontent-ams2-1.xx&_nc_gid=SPYMF62LIfZAZR-8wvGl2w&_nc_ss=782a8&oh=00_AQEkjHze_jngAW-nqZCE6Zp5Oh8RWC47ysGNkjL8SIsoyg&oe=6A7A5287","474184708_1172666971231752_4932407891299649899_n.jpg","No photo description available."
"160","461219379043185","stutes-facebook-160-461219379043185.jpg","1536","2048","https://www.facebook.com/photo.php?fbid=461219379043185&set=pb.100064619866357.-2207520000&type=3","https://scontent-ams2-1.xx.fbcdn.net/v/t39.30808-6/474184708_1172666971231752_4932407891299649899_n.jpg?stp=dst-jpg_tt6&cstp=mx1536x2048&ctp=s1536x2048&_nc_cat=100&ccb=1-7&_nc_sid=833d8c&_nc_ohc=b4sknjGdcqMQ7kNvwGvOBrF&_nc_oc=AdobQKPvZn3iJQEYHvFfBhQ3B5749Zj3JaPHEoT5wuNOiiZ5AFSS4Jp7OIjedkOtXzw&_nc_zt=23&_nc_ht=scontent-ams2-1.xx&_nc_gid=SPYMF62LIfZAZR-8wvGl2w&_nc_ss=782a8&oh=00_AQEkjHze_jngAW-nqZCE6Zp5Oh8RWC47ysGNkjL8SIsoyg&oe=6A7A5287","474184708_1172666971231752_4932407891299649899_n.jpg","No photo description available."
"161","461219352376521","stutes-facebook-161-461219352376521.jpg","1536","2048","https://www.facebook.com/photo.php?fbid=461219352376521&set=pb.100064619866357.-2207520000&type=3","https://scontent-ams2-1.xx.fbcdn.net/v/t39.30808-6/474366580_1172667077898408_4265769697332173239_n.jpg?stp=dst-jpg_tt6&cstp=mx1536x2048&ctp=s1536x2048&_nc_cat=101&ccb=1-7&_nc_sid=833d8c&_nc_ohc=ZcDr8wmbNR4Q7kNvwFJzMdS&_nc_oc=AdoEq_U2MrFr92uK-IrbLNh85D6wNWOuHqPh4kgI-BgJrSOGiHT3qopIhzjeYJv9TxM&_nc_zt=23&_nc_ht=scontent-ams2-1.xx&_nc_gid=s1BxzKG_eHO1WeWbmPYY_Q&_nc_ss=782a8&oh=00_AQEUZ2oeJZLUqKYNkTLENaP6WTwaUhiwxu3BOJ0wobGIBA&oe=6A7A6453","474366580_1172667077898408_4265769697332173239_n.jpg","No photo description available."
"162","461219322376524","stutes-facebook-162-461219322376524.jpg","1536","2048","https://www.facebook.com/photo.php?fbid=461219322376524&set=pb.100064619866357.-2207520000&type=3","https://scontent-ams2-1.xx.fbcdn.net/v/t39.30808-6/474366580_1172667077898408_4265769697332173239_n.jpg?stp=dst-jpg_tt6&cstp=mx1536x2048&ctp=s1536x2048&_nc_cat=101&ccb=1-7&_nc_sid=833d8c&_nc_ohc=ZcDr8wmbNR4Q7kNvwFJzMdS&_nc_oc=AdoEq_U2MrFr92uK-IrbLNh85D6wNWOuHqPh4kgI-BgJrSOGiHT3qopIhzjeYJv9TxM&_nc_zt=23&_nc_ht=scontent-ams2-1.xx&_nc_gid=s1BxzKG_eHO1WeWbmPYY_Q&_nc_ss=782a8&oh=00_AQEUZ2oeJZLUqKYNkTLENaP6WTwaUhiwxu3BOJ0wobGIBA&oe=6A7A6453","474366580_1172667077898408_4265769697332173239_n.jpg","No photo description available."
"163","461219295709860","stutes-facebook-163-461219295709860.jpg","1536","2048","https://www.facebook.com/photo.php?fbid=461219295709860&set=pb.100064619866357.-2207520000&type=3","https://scontent-ams2-1.xx.fbcdn.net/v/t39.30808-6/474088363_1172667071231742_7153660533133204095_n.jpg?stp=dst-jpg_tt6&cstp=mx1536x2048&ctp=s1536x2048&_nc_cat=100&ccb=1-7&_nc_sid=833d8c&_nc_ohc=jCPUVhAXnUUQ7kNvwEOyo_6&_nc_oc=AdqUdCPPNQXec3sX_80-NwjUHXC-WLTjqR0W-Stxo8v_smWfKxM1RmVhfv47XWeZduk&_nc_zt=23&_nc_ht=scontent-ams2-1.xx&_nc_gid=UmMzSkuYaauMXeIuCUt5AA&_nc_ss=782a8&oh=00_AQHa3hxs2dh8aTSOezY6TIvmmQAyuzhJc2YP2ECSexh18A&oe=6A7A5AC0","474088363_1172667071231742_7153660533133204095_n.jpg","No photo description available."
"164","461219252376531","stutes-facebook-164-461219252376531.jpg","1536","2048","https://www.facebook.com/photo.php?fbid=461219252376531&set=pb.100064619866357.-2207520000&type=3","https://scontent-ams2-1.xx.fbcdn.net/v/t39.30808-6/474088363_1172667071231742_7153660533133204095_n.jpg?stp=dst-jpg_tt6&cstp=mx1536x2048&ctp=s1536x2048&_nc_cat=100&ccb=1-7&_nc_sid=833d8c&_nc_ohc=jCPUVhAXnUUQ7kNvwEOyo_6&_nc_oc=AdqUdCPPNQXec3sX_80-NwjUHXC-WLTjqR0W-Stxo8v_smWfKxM1RmVhfv47XWeZduk&_nc_zt=23&_nc_ht=scontent-ams2-1.xx&_nc_gid=UmMzSkuYaauMXeIuCUt5AA&_nc_ss=782a8&oh=00_AQHa3hxs2dh8aTSOezY6TIvmmQAyuzhJc2YP2ECSexh18A&oe=6A7A5AC0","474088363_1172667071231742_7153660533133204095_n.jpg","No photo description available."
"165","461219245709865","stutes-facebook-165-461219245709865.jpg","1536","2048","https://www.facebook.com/photo.php?fbid=461219245709865&set=pb.100064619866357.-2207520000&type=3","https://scontent-ams2-1.xx.fbcdn.net/v/t39.30808-6/474216033_1172666921231757_7649365702488433670_n.jpg?stp=dst-jpg_tt6&cstp=mx1536x2048&ctp=s1536x2048&_nc_cat=105&ccb=1-7&_nc_sid=833d8c&_nc_ohc=oNJhcs2P6WwQ7kNvwE-bLqf&_nc_oc=AdqA3NkXOwj-LKrXs3Egra1bGkkFCp4q1rvtpxHauiInUv99HjRqSricBiAWKyAj9bc&_nc_zt=23&_nc_ht=scontent-ams2-1.xx&_nc_gid=at2rbMO3Ji7D3Pl0aSXQQg&_nc_ss=782a8&oh=00_AQGiNTJ9W8hIqWAzUumJBrqZDkwWcxct6dQOtogFmzULrA&oe=6A7A689E","474216033_1172666921231757_7649365702488433670_n.jpg","No photo description available."
"166","450343876797402","stutes-facebook-166-450343876797402.jpg","1536","2048","https://www.facebook.com/photo.php?fbid=450343876797402&set=pb.100064619866357.-2207520000&type=3","https://scontent-ams2-1.xx.fbcdn.net/v/t39.30808-6/474156840_1172078427957273_4291796346355225970_n.jpg?stp=dst-jpg_tt6&cstp=mx1536x2048&ctp=s1536x2048&_nc_cat=109&ccb=1-7&_nc_sid=833d8c&_nc_ohc=G0I5exrcDBMQ7kNvwH6335N&_nc_oc=Adp9ftq8ZJnw5Q5Fvr0NJHcoR3XX7Y7hjmx5feo3VMo-ftRTYGPgsiN8SyMUhNxQMWA&_nc_zt=23&_nc_ht=scontent-ams2-1.xx&_nc_gid=zSxwY0FuH8n4GjIqvL7oPA&_nc_ss=782a8&oh=00_AQG3SxXh2wo66jcBrF-SAb_vU6V7voVMUj4ZtoE0VBrOVw&oe=6A7A5DEC","474156840_1172078427957273_4291796346355225970_n.jpg","No photo description available."
"167","450343846797405","stutes-facebook-167-450343846797405.jpg","1536","2048","https://www.facebook.com/photo.php?fbid=450343846797405&set=pb.100064619866357.-2207520000&type=3","https://scontent-ams2-1.xx.fbcdn.net/v/t39.30808-6/474545892_1172078157957300_6795655029348401133_n.jpg?stp=dst-jpg_tt6&cstp=mx1536x2048&ctp=s1536x2048&_nc_cat=107&ccb=1-7&_nc_sid=833d8c&_nc_ohc=TTEx6jOQYpgQ7kNvwFxWPO_&_nc_oc=AdoGDHxQ8A2go20ny_5grGdAmlEFx0LLfyXB9yU9_sKZRTsnE03fL7S09HmkGDr3JSM&_nc_zt=23&_nc_ht=scontent-ams2-1.xx&_nc_gid=3hrwSZliFemo3eZ2PpLggQ&_nc_ss=782a8&oh=00_AQGujMeZGUmGM5sNEmsUDZLHN4dCryfPacjPdi9yRLl5jA&oe=6A7A4953","474545892_1172078157957300_6795655029348401133_n.jpg","No photo description available."
"168","450343813464075","stutes-facebook-168-450343813464075.jpg","1536","2048","https://www.facebook.com/photo.php?fbid=450343813464075&set=pb.100064619866357.-2207520000&type=3","https://scontent-ams2-1.xx.fbcdn.net/v/t39.30808-6/474533613_1172078587957257_8691823045940063487_n.jpg?stp=dst-jpg_tt6&cstp=mx1536x2048&ctp=s1536x2048&_nc_cat=111&ccb=1-7&_nc_sid=833d8c&_nc_ohc=Wlmq15ij-m8Q7kNvwGnlMPP&_nc_oc=Adp492zFC3Etkdae0i0kRGS4aUC7dUKjhJatU5GTZ8FXjTMwyBpGE-ZCIQFQN9hDrGQ&_nc_zt=23&_nc_ht=scontent-ams2-1.xx&_nc_gid=71Y8s4BxkniH55V1FAyJhQ&_nc_ss=782a8&oh=00_AQG1R-aCvGcFtyWDlYR0KDYYSM5s9P_LEJojdAn6eFmaZg&oe=6A7A4E6E","474533613_1172078587957257_8691823045940063487_n.jpg","No photo description available."
"169","450343766797413","stutes-facebook-169-450343766797413.jpg","1536","2048","https://www.facebook.com/photo.php?fbid=450343766797413&set=pb.100064619866357.-2207520000&type=3","https://scontent-ams2-1.xx.fbcdn.net/v/t39.30808-6/474533613_1172078587957257_8691823045940063487_n.jpg?stp=dst-jpg_tt6&cstp=mx1536x2048&ctp=s1536x2048&_nc_cat=111&ccb=1-7&_nc_sid=833d8c&_nc_ohc=Wlmq15ij-m8Q7kNvwGnlMPP&_nc_oc=Adp492zFC3Etkdae0i0kRGS4aUC7dUKjhJatU5GTZ8FXjTMwyBpGE-ZCIQFQN9hDrGQ&_nc_zt=23&_nc_ht=scontent-ams2-1.xx&_nc_gid=71Y8s4BxkniH55V1FAyJhQ&_nc_ss=782a8&oh=00_AQG1R-aCvGcFtyWDlYR0KDYYSM5s9P_LEJojdAn6eFmaZg&oe=6A7A4E6E","474533613_1172078587957257_8691823045940063487_n.jpg","No photo description available."
"170","450343736797416","stutes-facebook-170-450343736797416.jpg","1536","2048","https://www.facebook.com/photo.php?fbid=450343736797416&set=pb.100064619866357.-2207520000&type=3","https://scontent-ams2-1.xx.fbcdn.net/v/t39.30808-6/474449182_1172078381290611_6268528968339307770_n.jpg?stp=dst-jpg_tt6&cstp=mx1536x2048&ctp=s1536x2048&_nc_cat=110&ccb=1-7&_nc_sid=833d8c&_nc_ohc=BeXWXfv-uaUQ7kNvwFGaDla&_nc_oc=AdoGUrCGY1nBdqrXcubdDHl2AfZo9xFVPEy5cxvDXBdTM7dzpahEJcxQgokx7WBqRdQ&_nc_zt=23&_nc_ht=scontent-ams2-1.xx&_nc_gid=jOVQZKKiPsFJB98NHsA5XA&_nc_ss=782a8&oh=00_AQEleCMKVyltC7v1k6ro5hE3jUKIACFIDHKn0DBbq-HoCg&oe=6A7A7186","474449182_1172078381290611_6268528968339307770_n.jpg","No photo description available."
"171","450343710130752","stutes-facebook-171-450343710130752.jpg","1536","2048","https://www.facebook.com/photo.php?fbid=450343710130752&set=pb.100064619866357.-2207520000&type=3","https://scontent-ams2-1.xx.fbcdn.net/v/t39.30808-6/474063804_1172078437957272_2078236736572546202_n.jpg?stp=dst-jpg_tt6&cstp=mx1536x2048&ctp=s1536x2048&_nc_cat=100&ccb=1-7&_nc_sid=833d8c&_nc_ohc=GzqWZbEdpuQQ7kNvwHMQMus&_nc_oc=AdqeLAWIagPZXFVcpS8OCCKzbDU5nnuANcuLo0eKvvCN2asx7jzo2Z_drgMw2QPda3M&_nc_zt=23&_nc_ht=scontent-ams2-1.xx&_nc_gid=YQkKdyM3_tasNxtMOSmKjA&_nc_ss=782a8&oh=00_AQGCgu9WndSfPL9ZrrUf-raoFxsCM87FCMqe-_w4LYFnVA&oe=6A7A5927","474063804_1172078437957272_2078236736572546202_n.jpg","No photo description available."
"172","450343683464088","stutes-facebook-172-450343683464088.jpg","1536","2048","https://www.facebook.com/photo.php?fbid=450343683464088&set=pb.100064619866357.-2207520000&type=3","https://scontent-ams2-1.xx.fbcdn.net/v/t39.30808-6/474063804_1172078437957272_2078236736572546202_n.jpg?stp=dst-jpg_tt6&cstp=mx1536x2048&ctp=s1536x2048&_nc_cat=100&ccb=1-7&_nc_sid=833d8c&_nc_ohc=GzqWZbEdpuQQ7kNvwHMQMus&_nc_oc=AdqeLAWIagPZXFVcpS8OCCKzbDU5nnuANcuLo0eKvvCN2asx7jzo2Z_drgMw2QPda3M&_nc_zt=23&_nc_ht=scontent-ams2-1.xx&_nc_gid=YQkKdyM3_tasNxtMOSmKjA&_nc_ss=782a8&oh=00_AQGCgu9WndSfPL9ZrrUf-raoFxsCM87FCMqe-_w4LYFnVA&oe=6A7A5927","474063804_1172078437957272_2078236736572546202_n.jpg","No photo description available."
"173","450343653464091","stutes-facebook-173-450343653464091.jpg","1536","2048","https://www.facebook.com/photo.php?fbid=450343653464091&set=pb.100064619866357.-2207520000&type=3","https://scontent-ams2-1.xx.fbcdn.net/v/t39.30808-6/474079308_1172078441290605_7992801172633152213_n.jpg?stp=dst-jpg_tt6&cstp=mx1536x2048&ctp=s1536x2048&_nc_cat=108&ccb=1-7&_nc_sid=833d8c&_nc_ohc=OBYVHO4ByAsQ7kNvwE0LLbd&_nc_oc=AdrJAzCPMR9P7Tbd7CG2ZhTGBwnmfQT9TZ0RATHi63V5LTpXjYbCgAivmNtJhO8kGyM&_nc_zt=23&_nc_ht=scontent-ams2-1.xx&_nc_gid=m4PndNsjXWFWiaVr5HWEcg&_nc_ss=782a8&oh=00_AQGAAdGPw6J-DtnachUQc1pDb_n0wasaF-J6DtdMn6K2iQ&oe=6A7A74A1","474079308_1172078441290605_7992801172633152213_n.jpg","No photo description available."
"174","450343630130760","stutes-facebook-174-450343630130760.jpg","2048","1536","https://www.facebook.com/photo.php?fbid=450343630130760&set=pb.100064619866357.-2207520000&type=3","https://scontent-ams2-1.xx.fbcdn.net/v/t39.30808-6/474329020_1172078174623965_950973908659135203_n.jpg?stp=dst-jpg_tt6&cstp=mx2048x1536&ctp=s2048x1536&_nc_cat=111&ccb=1-7&_nc_sid=833d8c&_nc_ohc=CR_nzn93vIsQ7kNvwHj922-&_nc_oc=Ado7GhAQpzpZE0ERepm7R5dcB-IKJvTvIS0xVUtRfo67xHTjTYQSK8cfQZFSq0iHFKA&_nc_zt=23&_nc_ht=scontent-ams2-1.xx&_nc_gid=Yn6KGnxjhYkWLG09HGE-3g&_nc_ss=782a8&oh=00_AQGwchsw_HOCu5lG8-YqHgr8UWVpA70nUYJc1MePx94KNQ&oe=6A7A7B11","474329020_1172078174623965_950973908659135203_n.jpg","No photo description available."
"175","450343596797430","stutes-facebook-175-450343596797430.jpg","1536","2048","https://www.facebook.com/photo.php?fbid=450343596797430&set=pb.100064619866357.-2207520000&type=3","https://scontent-ams2-1.xx.fbcdn.net/v/t39.30808-6/474150192_1172078171290632_405281406748169778_n.jpg?stp=dst-jpg_tt6&cstp=mx1536x2048&ctp=s1536x2048&_nc_cat=105&ccb=1-7&_nc_sid=833d8c&_nc_ohc=FwSK9knfD04Q7kNvwH_heWl&_nc_oc=Adp0aXVNde3ltWPSS29Po6tclnep0ObVUvHyKY8efF5QipR0WxuWvoTGLjMLbH1r0nU&_nc_zt=23&_nc_ht=scontent-ams2-1.xx&_nc_gid=CGqpePkoeeDVuWcWL2RDPA&_nc_ss=782a8&oh=00_AQGFy_F0t18n_UEN3Yp_qNKWhUDO7PzPRM5xM88lcR-qRA&oe=6A7A6D02","474150192_1172078171290632_405281406748169778_n.jpg","No photo description available."
"176","450343573464099","stutes-facebook-176-450343573464099.jpg","2048","1536","https://www.facebook.com/photo.php?fbid=450343573464099&set=pb.100064619866357.-2207520000&type=3","https://scontent-ams2-1.xx.fbcdn.net/v/t39.30808-6/474066285_1172078361290613_2176442429615129787_n.jpg?stp=dst-jpg_tt6&cstp=mx2048x1536&ctp=s2048x1536&_nc_cat=101&ccb=1-7&_nc_sid=833d8c&_nc_ohc=CLKmmt0DjIkQ7kNvwGkBaJb&_nc_oc=AdrgSaM_fmZPUeOfR_9m8awJee--GsRQmErVSL6xc0Fz0gbuY_YkQR0Fpvp1unlDZlI&_nc_zt=23&_nc_ht=scontent-ams2-1.xx&_nc_gid=BL8lrtdeX_xvMdx7O8mzBw&_nc_ss=782a8&oh=00_AQGMlfXUO9wEvepvY1qCzWnu_ptujR42LejDsm_h30miqQ&oe=6A7A4C22","474066285_1172078361290613_2176442429615129787_n.jpg","No photo description available."
"177","450343546797435","stutes-facebook-177-450343546797435.jpg","1536","2048","https://www.facebook.com/photo.php?fbid=450343546797435&set=pb.100064619866357.-2207520000&type=3","https://scontent-ams2-1.xx.fbcdn.net/v/t39.30808-6/473885400_1172078417957274_5742551121698147263_n.jpg?stp=dst-jpg_tt6&cstp=mx1536x2048&ctp=s1536x2048&_nc_cat=101&ccb=1-7&_nc_sid=833d8c&_nc_ohc=i2GjclxYJDsQ7kNvwGw7r5s&_nc_oc=AdpYdnBjU-zQ7PwMMccvDyA-PEQoLsxuork7LI2hfOxvgIo1Pk-Ju9rxotnFvtN0VCA&_nc_zt=23&_nc_ht=scontent-ams2-1.xx&_nc_gid=SU7VNOfJ6wGbhlRVVg2T5Q&_nc_ss=782a8&oh=00_AQFvzyL7FlARQilT0B2Z_yefbKrbuwyly5QcK6HWnLEGMA&oe=6A7A7FD6","473885400_1172078417957274_5742551121698147263_n.jpg","No photo description available."
"178","450343516797438","stutes-facebook-178-450343516797438.jpg","1536","2048","https://www.facebook.com/photo.php?fbid=450343516797438&set=pb.100064619866357.-2207520000&type=3","https://scontent-ams2-1.xx.fbcdn.net/v/t39.30808-6/473885400_1172078417957274_5742551121698147263_n.jpg?stp=dst-jpg_tt6&cstp=mx1536x2048&ctp=s1536x2048&_nc_cat=101&ccb=1-7&_nc_sid=833d8c&_nc_ohc=i2GjclxYJDsQ7kNvwGw7r5s&_nc_oc=AdpYdnBjU-zQ7PwMMccvDyA-PEQoLsxuork7LI2hfOxvgIo1Pk-Ju9rxotnFvtN0VCA&_nc_zt=23&_nc_ht=scontent-ams2-1.xx&_nc_gid=SU7VNOfJ6wGbhlRVVg2T5Q&_nc_ss=782a8&oh=00_AQFvzyL7FlARQilT0B2Z_yefbKrbuwyly5QcK6HWnLEGMA&oe=6A7A7FD6","473885400_1172078417957274_5742551121698147263_n.jpg","No photo description available."
"179","450343453464111","stutes-facebook-179-450343453464111.jpg","1536","2048","https://www.facebook.com/photo.php?fbid=450343453464111&set=pb.100064619866357.-2207520000&type=3","https://scontent-ams2-1.xx.fbcdn.net/v/t39.30808-6/474008225_1172078181290631_4172827590687093453_n.jpg?stp=dst-jpg_tt6&cstp=mx1536x2048&ctp=s1536x2048&_nc_cat=111&ccb=1-7&_nc_sid=833d8c&_nc_ohc=-xZX_j2rPbMQ7kNvwG9rnKg&_nc_oc=AdqMuyKM0aR5bTLJW6CPX-RcbVbn3kmiaeXLHMFsh716H92SbOHNz_4QeBnQt-X6k6k&_nc_zt=23&_nc_ht=scontent-ams2-1.xx&_nc_gid=jBfw9xmvm-CTeaq9cRy7UQ&_nc_ss=782a8&oh=00_AQF5d0f5jTA4AKCzF1Vp5mcjg80TRhJQ9i5kaAw8sLj2gg&oe=6A7A6002","474008225_1172078181290631_4172827590687093453_n.jpg","No photo description available."
"180","450343433464113","stutes-facebook-180-450343433464113.jpg","1536","2048","https://www.facebook.com/photo.php?fbid=450343433464113&set=pb.100064619866357.-2207520000&type=3","https://scontent-ams2-1.xx.fbcdn.net/v/t39.30808-6/474008225_1172078181290631_4172827590687093453_n.jpg?stp=dst-jpg_tt6&cstp=mx1536x2048&ctp=s1536x2048&_nc_cat=111&ccb=1-7&_nc_sid=833d8c&_nc_ohc=-xZX_j2rPbMQ7kNvwG9rnKg&_nc_oc=AdqMuyKM0aR5bTLJW6CPX-RcbVbn3kmiaeXLHMFsh716H92SbOHNz_4QeBnQt-X6k6k&_nc_zt=23&_nc_ht=scontent-ams2-1.xx&_nc_gid=jBfw9xmvm-CTeaq9cRy7UQ&_nc_ss=782a8&oh=00_AQF5d0f5jTA4AKCzF1Vp5mcjg80TRhJQ9i5kaAw8sLj2gg&oe=6A7A6002","474008225_1172078181290631_4172827590687093453_n.jpg","No photo description available."
"181","425118172653306","stutes-facebook-181-425118172653306.jpg","1536","2048","https://www.facebook.com/photo.php?fbid=425118172653306&set=pb.100064619866357.-2207520000&type=3","https://scontent-ams2-1.xx.fbcdn.net/v/t39.30808-6/474584174_1172078154623967_4178867048435231680_n.jpg?stp=dst-jpg_tt6&cstp=mx1536x2048&ctp=s1536x2048&_nc_cat=102&ccb=1-7&_nc_sid=833d8c&_nc_ohc=5AM-X1NfjWkQ7kNvwEdu0BK&_nc_oc=AdpeHOOKR1cDST93Nq2bfNnKwRBwz5nBjRJHUkSAWo3d0-puva_U2HywJFNkvpV_V_A&_nc_zt=23&_nc_ht=scontent-ams2-1.xx&_nc_gid=uJ8IRQJP1jDCZwCjm2Fy7g&_nc_ss=782a8&oh=00_AQH5Gu5oxzORxTXElQ7RK5xIg12et3GdHGx-03anh_iXTQ&oe=6A7A750C","474584174_1172078154623967_4178867048435231680_n.jpg","No photo description available."
"182","425118132653310","stutes-facebook-182-425118132653310.jpg","960","954","https://www.facebook.com/photo.php?fbid=425118132653310&set=pb.100064619866357.-2207520000&type=3","https://scontent-ams2-1.xx.fbcdn.net/v/t39.30808-6/472583521_1161658665665916_7771612533284206908_n.jpg?stp=dst-jpg_tt6&cstp=mx960x954&ctp=s960x954&_nc_cat=111&ccb=1-7&_nc_sid=833d8c&_nc_ohc=TSW3ZKQqp4EQ7kNvwHjty22&_nc_oc=AdpEComQvLpK5xLE7mQ4MwbzJvcHxRZ7HNiFZC0-ivYzRJ-e1VB-E-7wmKbu3sMyjuU&_nc_zt=23&_nc_ht=scontent-ams2-1.xx&_nc_gid=Fw4kGosyBzia0xBgLENAFQ&_nc_ss=782a8&oh=00_AQGbw23g0tbExwfBY1Bksd5CmpjwJgdODKa3iSdZQeno2w&oe=6A7A645F","472583521_1161658665665916_7771612533284206908_n.jpg","No photo description available."
"183","425118109319979","stutes-facebook-183-425118109319979.jpg","960","720","https://www.facebook.com/photo.php?fbid=425118109319979&set=pb.100064619866357.-2207520000&type=3","https://scontent-ams2-1.xx.fbcdn.net/v/t39.30808-6/472649053_1161658548999261_5395616840929055708_n.jpg?stp=dst-jpg_tt6&cstp=mx960x720&ctp=s960x720&_nc_cat=107&ccb=1-7&_nc_sid=833d8c&_nc_ohc=lCTu5IWmbEEQ7kNvwE6RQs6&_nc_oc=AdpfoY2tcCCkv62TRRsHIqJ1Ty5JcTI8JSnco9hjLueMLtn4nMebym0CJdyKNLG3haA&_nc_zt=23&_nc_ht=scontent-ams2-1.xx&_nc_gid=e3RdtRtlgoLg38GL6Hj6eQ&_nc_ss=782a8&oh=00_AQE86ki1t5zIBAlr0RmPB3wgjQDVHlJxQXcqbQkg1LSFRA&oe=6A7A528A","472649053_1161658548999261_5395616840929055708_n.jpg","No photo description available."
"184","425118079319982","stutes-facebook-184-425118079319982.jpg","720","960","https://www.facebook.com/photo.php?fbid=425118079319982&set=pb.100064619866357.-2207520000&type=3","https://scontent-ams2-1.xx.fbcdn.net/v/t39.30808-6/472252478_1161658522332597_7379847981929298060_n.jpg?stp=dst-jpg_tt6&cstp=mx720x960&ctp=s720x960&_nc_cat=101&ccb=1-7&_nc_sid=833d8c&_nc_ohc=ZShovbC1IdAQ7kNvwGcpH2-&_nc_oc=AdpIqPaKY-GGMiD7l-RFjNloIzpSxiZ7DKTiKDi0zz-ef5BxqtFa4TVQZkXoT5yy4nw&_nc_zt=23&_nc_ht=scontent-ams2-1.xx&_nc_gid=uV6GTVqiuKtndKt8xpw6mg&_nc_ss=782a8&oh=00_AQEKEjK8dxgOG51mOTgoPvfTPK5bnZX7qh5l3yw_CtzKrA&oe=6A7A5713","472252478_1161658522332597_7379847981929298060_n.jpg","No photo description available."
"185","425118052653318","stutes-facebook-185-425118052653318.jpg","720","960","https://www.facebook.com/photo.php?fbid=425118052653318&set=pb.100064619866357.-2207520000&type=3","https://scontent-ams2-1.xx.fbcdn.net/v/t39.30808-6/472252478_1161658522332597_7379847981929298060_n.jpg?stp=dst-jpg_tt6&cstp=mx720x960&ctp=s720x960&_nc_cat=101&ccb=1-7&_nc_sid=833d8c&_nc_ohc=ZShovbC1IdAQ7kNvwGcpH2-&_nc_oc=AdpIqPaKY-GGMiD7l-RFjNloIzpSxiZ7DKTiKDi0zz-ef5BxqtFa4TVQZkXoT5yy4nw&_nc_zt=23&_nc_ht=scontent-ams2-1.xx&_nc_gid=uV6GTVqiuKtndKt8xpw6mg&_nc_ss=782a8&oh=00_AQEKEjK8dxgOG51mOTgoPvfTPK5bnZX7qh5l3yw_CtzKrA&oe=6A7A5713","472252478_1161658522332597_7379847981929298060_n.jpg","No photo description available."
"186","378500363981754","stutes-facebook-186-378500363981754.jpg","500","500","https://www.facebook.com/photo.php?fbid=378500363981754&set=pb.100064619866357.-2207520000&type=3","https://scontent-ams2-1.xx.fbcdn.net/v/t39.30808-6/470218135_1147912133707236_5860949018294094265_n.jpg?stp=dst-jpg_tt6&cstp=mx500x500&ctp=s500x500&_nc_cat=105&ccb=1-7&_nc_sid=833d8c&_nc_ohc=4eWC6iWOW8oQ7kNvwEcPCMf&_nc_oc=Adqpgd72BubZuiSr0AkPl0zgPLentNKk2GhQSiJFNWZtQyO-4-DV6Ou66Zh_cWDSsgo&_nc_zt=23&_nc_ht=scontent-ams2-1.xx&_nc_gid=hrWcTQq-mIDVjiz7Ep4IYw&_nc_ss=782a8&oh=00_AQGktSQdfx5aZy_qJ6PI5N3KRlhXF8b9JSFCHBPgryWzOA&oe=6A7A4CD4","470218135_1147912133707236_5860949018294094265_n.jpg","No photo description available."
"187","378500343981756","stutes-facebook-187-378500343981756.jpg","860","645","https://www.facebook.com/photo.php?fbid=378500343981756&set=pb.100064619866357.-2207520000&type=3","https://scontent-ams2-1.xx.fbcdn.net/v/t39.30808-6/470179353_1147912227040560_9156195488339117056_n.jpg?stp=dst-jpg_tt6&cstp=mx860x645&ctp=s860x645&_nc_cat=109&ccb=1-7&_nc_sid=833d8c&_nc_ohc=cf6vtEzDxF0Q7kNvwFHTF-j&_nc_oc=AdqK9zIRow-w0PmYXvhR0SyQMNDBiMv926ICUmM7SD9xld7vNgZCibCzEe_JU0eRTQI&_nc_zt=23&_nc_ht=scontent-ams2-1.xx&_nc_gid=fpTXl1g0sGcVrTc0wBFyeg&_nc_ss=782a8&oh=00_AQHDZR5gF5cH9muL0O33Uir9yyNTf7eOvDaa1g79sXeZ-w&oe=6A7A5501","470179353_1147912227040560_9156195488339117056_n.jpg","No photo description available."
"188","378500307315093","stutes-facebook-188-378500307315093.jpg","599","400","https://www.facebook.com/photo.php?fbid=378500307315093&set=pb.100064619866357.-2207520000&type=3","https://scontent-ams2-1.xx.fbcdn.net/v/t39.30808-6/470200771_1147912300373886_6058798246669232218_n.jpg?stp=dst-jpg_tt6&cstp=mx599x400&ctp=s599x400&_nc_cat=108&ccb=1-7&_nc_sid=833d8c&_nc_ohc=TTNSXnzlrCoQ7kNvwFP9lfS&_nc_oc=AdrVEgqZHiUR2jXZVTslTbN46LHJwwmjZL6Z5r6gJSGPEN58dhXjYqo5fBb-DXJaIUQ&_nc_zt=23&_nc_ht=scontent-ams2-1.xx&_nc_gid=blsCb9FQ9V_Ea-tzd--k3w&_nc_ss=782a8&oh=00_AQExyuTINtCHhkFDqUxysHE_6cz0tBHVBGQdcCTD5oTDag&oe=6A7A5F2D","470200771_1147912300373886_6058798246669232218_n.jpg","No photo description available."
"189","378500270648430","stutes-facebook-189-378500270648430.jpg","599","400","https://www.facebook.com/photo.php?fbid=378500270648430&set=pb.100064619866357.-2207520000&type=3","https://scontent-ams2-1.xx.fbcdn.net/v/t39.30808-6/470200771_1147912300373886_6058798246669232218_n.jpg?stp=dst-jpg_tt6&cstp=mx599x400&ctp=s599x400&_nc_cat=108&ccb=1-7&_nc_sid=833d8c&_nc_ohc=TTNSXnzlrCoQ7kNvwFP9lfS&_nc_oc=AdrVEgqZHiUR2jXZVTslTbN46LHJwwmjZL6Z5r6gJSGPEN58dhXjYqo5fBb-DXJaIUQ&_nc_zt=23&_nc_ht=scontent-ams2-1.xx&_nc_gid=blsCb9FQ9V_Ea-tzd--k3w&_nc_ss=782a8&oh=00_AQExyuTINtCHhkFDqUxysHE_6cz0tBHVBGQdcCTD5oTDag&oe=6A7A5F2D","470200771_1147912300373886_6058798246669232218_n.jpg","No photo description available."
"190","378500227315101","stutes-facebook-190-378500227315101.jpg","960","720","https://www.facebook.com/photo.php?fbid=378500227315101&set=pb.100064619866357.-2207520000&type=3","https://scontent-ams2-1.xx.fbcdn.net/v/t39.30808-6/470185453_1147912303707219_3122200544724282222_n.jpg?stp=dst-jpg_tt6&cstp=mx960x720&ctp=s960x720&_nc_cat=101&ccb=1-7&_nc_sid=833d8c&_nc_ohc=J4ax8RRIukQQ7kNvwHRz_aZ&_nc_oc=AdrZJ-FYTAGJS8j_Ig_tW2b3tSF3KgSxMVlReUPH_Qx60oY5iqmwald6yuwDmcwrEX4&_nc_zt=23&_nc_ht=scontent-ams2-1.xx&_nc_gid=UM9gEFlH1IjepckfLQ0kMQ&_nc_ss=782a8&oh=00_AQGUzMkr7And6BAAJidDjQr1Z9FWHxKDmrtbMuInyDOexA&oe=6A7A7952","470185453_1147912303707219_3122200544724282222_n.jpg","No photo description available."
"191","373101491188308","stutes-facebook-191-373101491188308.jpg","258","192","https://www.facebook.com/photo.php?fbid=373101491188308&set=pb.100064619866357.-2207520000&type=3","https://scontent-ams2-1.xx.fbcdn.net/v/t39.30808-6/470226870_1147912293707220_4924433872404973854_n.jpg?stp=dst-jpg_tt6&cstp=mx258x192&ctp=s258x192&_nc_cat=100&ccb=1-7&_nc_sid=833d8c&_nc_ohc=-sJnZxDOrvEQ7kNvwG2ovbE&_nc_oc=AdrseHG2xxDrUWSuCmHwSf12SpSTNVrq5I3d6HMocCzhYvNvt7cB3hGHhnRr_Xb2zV4&_nc_zt=23&_nc_ht=scontent-ams2-1.xx&_nc_gid=n-v_65u7vS9Kj_qQYRc0rQ&_nc_ss=782a8&oh=00_AQHkcKMLjrv87SO5HYg4tr3zzvucAbi09wqjOFusWNnJBQ&oe=6A7A4E00","470226870_1147912293707220_4924433872404973854_n.jpg","No photo description available."
"192","373101417854982","stutes-facebook-192-373101417854982.jpg","720","960","https://www.facebook.com/photo.php?fbid=373101417854982&set=pb.100064619866357.-2207520000&type=3","https://scontent-ams2-1.xx.fbcdn.net/v/t39.30808-6/470197245_1147896463708803_8180148405221036381_n.jpg?stp=dst-jpg_tt6&cstp=mx720x960&ctp=s720x960&_nc_cat=105&ccb=1-7&_nc_sid=833d8c&_nc_ohc=jbxAPQ5j3WMQ7kNvwHoCeN9&_nc_oc=AdpIx14uVn1tbf5BkczEpg0NCMZqSIwntiCbEldcnibz10D1RIz4c13X6EDueqefO7Y&_nc_zt=23&_nc_ht=scontent-ams2-1.xx&_nc_gid=pQGvoeuxImRJ2oGEXriFlA&_nc_ss=782a8&oh=00_AQH1gGyYED1IgpETIq1cojXvnxRsf7BrtckVkc8IzxLCUQ&oe=6A7A486B","470197245_1147896463708803_8180148405221036381_n.jpg","No photo description available."
"193","373101397854984","stutes-facebook-193-373101397854984.jpg","720","960","https://www.facebook.com/photo.php?fbid=373101397854984&set=pb.100064619866357.-2207520000&type=3","https://scontent-ams2-1.xx.fbcdn.net/v/t39.30808-6/470231995_1147896247042158_3220739097379362775_n.jpg?stp=dst-jpg_tt6&cstp=mx720x960&ctp=s720x960&_nc_cat=110&ccb=1-7&_nc_sid=833d8c&_nc_ohc=9PLfADrU02AQ7kNvwGa1OUa&_nc_oc=AdqKo7dEhE9UGH8TRJ3zDM2uLfraOaJ29jOgo58cRiKxBNaHUbgGKfC8lCgoJkAp3YI&_nc_zt=23&_nc_ht=scontent-ams2-1.xx&_nc_gid=3wEL6ngwl1jPigroTFFJBw&_nc_ss=782a8&oh=00_AQEOW2H0nsoMd1lwBhs6FFCUwS7SKRxJRraVhv0PzRe4LQ&oe=6A7A5B00","470231995_1147896247042158_3220739097379362775_n.jpg","No photo description available."
"194","373100491188408","stutes-facebook-194-373100491188408.jpg","870","960","https://www.facebook.com/photo.php?fbid=373100491188408&set=pb.100064619866357.-2207520000&type=3","https://scontent-ams2-1.xx.fbcdn.net/v/t39.30808-6/470194993_1147896243708825_7018112987014021031_n.jpg?stp=dst-jpg_tt6&cstp=mx870x960&ctp=s870x960&_nc_cat=107&ccb=1-7&_nc_sid=833d8c&_nc_ohc=v4EWqoiaehcQ7kNvwFfrX5F&_nc_oc=AdrU1OjaJn7Fd5NeZloS8ZgFFhPtxamHGpGNpSaZFPRnZ_N3--RmSDZF9WOsMh6NI3c&_nc_zt=23&_nc_ht=scontent-ams2-1.xx&_nc_gid=nTgA9PTFtuqyVPlyfR2aFQ&_nc_ss=782a8&oh=00_AQGppnI3NEV0DH6WEMPOen1wiqe9axdUN5BnjUGfjcdQ7Q&oe=6A7A5559","470194993_1147896243708825_7018112987014021031_n.jpg","No photo description available."
"195","373100464521744","stutes-facebook-195-373100464521744.jpg","870","960","https://www.facebook.com/photo.php?fbid=373100464521744&set=pb.100064619866357.-2207520000&type=3","https://scontent-ams2-1.xx.fbcdn.net/v/t39.30808-6/470194993_1147896243708825_7018112987014021031_n.jpg?stp=dst-jpg_tt6&cstp=mx870x960&ctp=s870x960&_nc_cat=107&ccb=1-7&_nc_sid=833d8c&_nc_ohc=v4EWqoiaehcQ7kNvwFfrX5F&_nc_oc=AdrU1OjaJn7Fd5NeZloS8ZgFFhPtxamHGpGNpSaZFPRnZ_N3--RmSDZF9WOsMh6NI3c&_nc_zt=23&_nc_ht=scontent-ams2-1.xx&_nc_gid=nTgA9PTFtuqyVPlyfR2aFQ&_nc_ss=782a8&oh=00_AQGppnI3NEV0DH6WEMPOen1wiqe9axdUN5BnjUGfjcdQ7Q&oe=6A7A5559","470194993_1147896243708825_7018112987014021031_n.jpg","No photo description available."
"196","373100441188413","stutes-facebook-196-373100441188413.jpg","720","960","https://www.facebook.com/photo.php?fbid=373100441188413&set=pb.100064619866357.-2207520000&type=3","https://scontent-ams2-1.xx.fbcdn.net/v/t39.30808-6/470220916_1147896377042145_1574037573876935534_n.jpg?stp=dst-jpg_tt6&cstp=mx720x960&ctp=s720x960&_nc_cat=108&ccb=1-7&_nc_sid=833d8c&_nc_ohc=QlFlXRyO_FEQ7kNvwFikYZh&_nc_oc=AdrcjqZXwcBxjpkEKvhSyNfBQbpd0LQdE_C4am0JshIkiVEtCOTaP3AR1A9e3eZaYHQ&_nc_zt=23&_nc_ht=scontent-ams2-1.xx&_nc_gid=n24L_YlzxOURR7454ZWM4w&_nc_ss=782a8&oh=00_AQFdaSMtmAq-sOVYKdSGHGQD0dEO6mb9caKnwiPlmwFw1Q&oe=6A7A688B","470220916_1147896377042145_1574037573876935534_n.jpg","No photo description available."
"197","373100397855084","stutes-facebook-197-373100397855084.jpg","720","960","https://www.facebook.com/photo.php?fbid=373100397855084&set=pb.100064619866357.-2207520000&type=3","https://scontent-ams2-1.xx.fbcdn.net/v/t39.30808-6/470185644_1147896483708801_5931805063103562655_n.jpg?stp=dst-jpg_tt6&cstp=mx720x960&ctp=s720x960&_nc_cat=100&ccb=1-7&_nc_sid=833d8c&_nc_ohc=pdI74KjzemgQ7kNvwGfu78i&_nc_oc=Adr3RFb3wwSQMpDo-VTV7nYTFii974pQ0NfLqObKbO235mkEIx8ui-e-DwwHjFO2Uxg&_nc_zt=23&_nc_ht=scontent-ams2-1.xx&_nc_gid=_Cz1O4FrNjSL872dbq7L0A&_nc_ss=782a8&oh=00_AQFgaYl1rpsoIExmqqNkSdP5i6Z0a5wucoAxdLkvNzCYvg&oe=6A7A59AE","470185644_1147896483708801_5931805063103562655_n.jpg","No photo description available."
"198","373100377855086","stutes-facebook-198-373100377855086.jpg","720","960","https://www.facebook.com/photo.php?fbid=373100377855086&set=pb.100064619866357.-2207520000&type=3","https://scontent-ams2-1.xx.fbcdn.net/v/t39.30808-6/470239949_1147896380375478_5627866003506681138_n.jpg?stp=dst-jpg_tt6&cstp=mx720x960&ctp=s720x960&_nc_cat=104&ccb=1-7&_nc_sid=833d8c&_nc_ohc=pkWMDKrNhBgQ7kNvwFYPJo1&_nc_oc=AdqUVFHUECB8OzYuiMOQ-GVp64diCfELaQUt2kTgHH_yMjQcTIUTtJESgelg3Jq3tVo&_nc_zt=23&_nc_ht=scontent-ams2-1.xx&_nc_gid=Gwrr0_M9NyPc2uJsO4B3gQ&_nc_ss=782a8&oh=00_AQEl2yolmBAr1S2B5Z3GHuDOynUeQC-rvFjFLGRdiZS1EQ&oe=6A7A626A","470239949_1147896380375478_5627866003506681138_n.jpg","No photo description available."
"199","373100141188443","stutes-facebook-199-373100141188443.jpg","679","451","https://www.facebook.com/photo.php?fbid=373100141188443&set=pb.100064619866357.-2207520000&type=3","https://scontent-ams2-1.xx.fbcdn.net/v/t39.30808-6/470234395_1147896563708793_6537998520343626611_n.jpg?stp=dst-jpg_tt6&cstp=mx679x451&ctp=s679x451&_nc_cat=108&ccb=1-7&_nc_sid=833d8c&_nc_ohc=yC5gEHKMQvcQ7kNvwH-TF_3&_nc_oc=AdrtAtAtLWWIy98MA1TQbZm8CL6rBhWPZPle3ooIcw5z3aMfZjU6cYhdi2hiHP4p-1A&_nc_zt=23&_nc_ht=scontent-ams2-1.xx&_nc_gid=etUAanYz59_rYqHVlisYAg&_nc_ss=782a8&oh=00_AQGD0RszatHKiPYYBsri2wQkKlXreYwE5_-KiU1gSCYimA&oe=6A7A50EF","470234395_1147896563708793_6537998520343626611_n.jpg","No photo description available."
"200","373099974521793","stutes-facebook-200-373099974521793.jpg","720","960","https://www.facebook.com/photo.php?fbid=373099974521793&set=pb.100064619866357.-2207520000&type=3","https://scontent-ams2-1.xx.fbcdn.net/v/t39.30808-6/470235540_1147896493708800_4936761174825136231_n.jpg?stp=dst-jpg_tt6&cstp=mx720x960&ctp=s720x960&_nc_cat=107&ccb=1-7&_nc_sid=833d8c&_nc_ohc=fzl4WjW8h74Q7kNvwGNXmls&_nc_oc=AdqaXaEV2WqkbfKETiXbUi3sP7oRb8WTJwi6z3CdphfvZRV1SbEOOXlHzds-r4vcvmQ&_nc_zt=23&_nc_ht=scontent-ams2-1.xx&_nc_gid=dzZ5L4-gr4e_vbcf5mVbsw&_nc_ss=7e2a8&oh=00_AQGQKi3A_lBP-9tbgvKTUw7sLfyvqoG1iiKK6ao79EqD8g&oe=6A7A4997","470235540_1147896493708800_4936761174825136231_n.jpg","No photo description available."
"201","373099824521808","stutes-facebook-201-373099824521808.jpg","720","960","https://www.facebook.com/photo.php?fbid=373099824521808&set=pb.100064619866357.-2207520000&type=3","https://scontent-ams2-1.xx.fbcdn.net/v/t39.30808-6/470198188_1147896543708795_8854507336706191563_n.jpg?stp=dst-jpg_tt6&cstp=mx720x960&ctp=s720x960&_nc_cat=108&ccb=1-7&_nc_sid=833d8c&_nc_ohc=_25Iv1byjDwQ7kNvwH5XzGC&_nc_oc=Adpp3OJ3XcfVINUE4Ot9CaHlabaS87d3XTTZG8h-LWY992ezCR_6QPFV5gAlW0iZrg8&_nc_zt=23&_nc_ht=scontent-ams2-1.xx&_nc_gid=vXxD0Up1AAIuVpsdxLLJUQ&_nc_ss=782a8&oh=00_AQH-mMwkyqRypKoDTQDrGtGwcfPGHI7UQXoIi9xNx2iKvw&oe=6A7A6AD3","470198188_1147896543708795_8854507336706191563_n.jpg","No photo description available."
"202","373099794521811","stutes-facebook-202-373099794521811.jpg","720","960","https://www.facebook.com/photo.php?fbid=373099794521811&set=pb.100064619866357.-2207520000&type=3","https://scontent-ams2-1.xx.fbcdn.net/v/t39.30808-6/470198188_1147896543708795_8854507336706191563_n.jpg?stp=dst-jpg_tt6&cstp=mx720x960&ctp=s720x960&_nc_cat=108&ccb=1-7&_nc_sid=833d8c&_nc_ohc=_25Iv1byjDwQ7kNvwH5XzGC&_nc_oc=Adpp3OJ3XcfVINUE4Ot9CaHlabaS87d3XTTZG8h-LWY992ezCR_6QPFV5gAlW0iZrg8&_nc_zt=23&_nc_ht=scontent-ams2-1.xx&_nc_gid=vXxD0Up1AAIuVpsdxLLJUQ&_nc_ss=782a8&oh=00_AQH-mMwkyqRypKoDTQDrGtGwcfPGHI7UQXoIi9xNx2iKvw&oe=6A7A6AD3","470198188_1147896543708795_8854507336706191563_n.jpg","No photo description available."
"203","373099757855148","stutes-facebook-203-373099757855148.jpg","960","720","https://www.facebook.com/photo.php?fbid=373099757855148&set=pb.100064619866357.-2207520000&type=3","https://scontent-ams2-1.xx.fbcdn.net/v/t39.30808-6/470215443_1147896240375492_8225212194685526705_n.jpg?stp=dst-jpg_tt6&cstp=mx960x720&ctp=s960x720&_nc_cat=101&ccb=1-7&_nc_sid=833d8c&_nc_ohc=dlezf1HtIWgQ7kNvwH6hSUK&_nc_oc=Adr891CI0X6AKcehP338ZfP98e-POpC6OO14U0m3nc8wltijQiQGtAD0ZGxPRwNyEs8&_nc_zt=23&_nc_ht=scontent-ams2-1.xx&_nc_gid=5plyuEfSppg3qqYhciiUxQ&_nc_ss=782a8&oh=00_AQE2Ta6FAQwxXvdJ54zC552XgLkAabh3PZS3HiyBENAHTA&oe=6A7A807C","470215443_1147896240375492_8225212194685526705_n.jpg","No photo description available."
"204","373099727855151","stutes-facebook-204-373099727855151.jpg","720","960","https://www.facebook.com/photo.php?fbid=373099727855151&set=pb.100064619866357.-2207520000&type=3","https://scontent-ams2-1.xx.fbcdn.net/v/t39.30808-6/470213651_1147896507042132_1039506181735481798_n.jpg?stp=dst-jpg_tt6&cstp=mx720x960&ctp=s720x960&_nc_cat=107&ccb=1-7&_nc_sid=833d8c&_nc_ohc=TBGCw_sQxLQQ7kNvwE-ahw2&_nc_oc=Ado7xpYHiKuLVTLm3CROTdP7hIBE9AafHup4nxFNYTVhYamHFTbwrW9vjkeWImux9aQ&_nc_zt=23&_nc_ht=scontent-ams2-1.xx&_nc_gid=F_7rw8f9VTfsrqrHfEjjdw&_nc_ss=782a8&oh=00_AQGX8O_IpHDhKrneW2sMvj5tSP-4ehvJS1i_XJ6ebWQmMQ&oe=6A7A7655","470213651_1147896507042132_1039506181735481798_n.jpg","No photo description available."
"205","373099691188488","stutes-facebook-205-373099691188488.jpg","720","960","https://www.facebook.com/photo.php?fbid=373099691188488&set=pb.100064619866357.-2207520000&type=3","https://scontent-ams2-1.xx.fbcdn.net/v/t39.30808-6/470213651_1147896507042132_1039506181735481798_n.jpg?stp=dst-jpg_tt6&cstp=mx720x960&ctp=s720x960&_nc_cat=107&ccb=1-7&_nc_sid=833d8c&_nc_ohc=TBGCw_sQxLQQ7kNvwE-ahw2&_nc_oc=Ado7xpYHiKuLVTLm3CROTdP7hIBE9AafHup4nxFNYTVhYamHFTbwrW9vjkeWImux9aQ&_nc_zt=23&_nc_ht=scontent-ams2-1.xx&_nc_gid=F_7rw8f9VTfsrqrHfEjjdw&_nc_ss=782a8&oh=00_AQGX8O_IpHDhKrneW2sMvj5tSP-4ehvJS1i_XJ6ebWQmMQ&oe=6A7A7655","470213651_1147896507042132_1039506181735481798_n.jpg","No photo description available."
"206","373099661188491","stutes-facebook-206-373099661188491.jpg","720","960","https://www.facebook.com/photo.php?fbid=373099661188491&set=pb.100064619866357.-2207520000&type=3","https://scontent-ams2-1.xx.fbcdn.net/v/t39.30808-6/470201573_1147896510375465_344023811701579859_n.jpg?stp=dst-jpg_tt6&cstp=mx720x960&ctp=s720x960&_nc_cat=100&ccb=1-7&_nc_sid=833d8c&_nc_ohc=OkLzRivPm0YQ7kNvwG-YMjs&_nc_oc=AdqCQ0hOTWWAHk0IF6Ti7aDcjuyc56bqqbLyWh9ZZLfKWnEKlHmjWM-vCCDnb45r6vc&_nc_zt=23&_nc_ht=scontent-ams2-1.xx&_nc_gid=7WKRvDYCWpVW9cX3uMlLqw&_nc_ss=782a8&oh=00_AQGVhXiA4NEYBCWjZOjw9E6e4NBP3hZaAse6Vr7Y4Bcabg&oe=6A7A5100","470201573_1147896510375465_344023811701579859_n.jpg","No photo description available."
"207","373099597855164","stutes-facebook-207-373099597855164.jpg","720","960","https://www.facebook.com/photo.php?fbid=373099597855164&set=pb.100064619866357.-2207520000&type=3","https://scontent-ams2-1.xx.fbcdn.net/v/t39.30808-6/470201573_1147896510375465_344023811701579859_n.jpg?stp=dst-jpg_tt6&cstp=mx720x960&ctp=s720x960&_nc_cat=100&ccb=1-7&_nc_sid=833d8c&_nc_ohc=OkLzRivPm0YQ7kNvwG-YMjs&_nc_oc=AdqCQ0hOTWWAHk0IF6Ti7aDcjuyc56bqqbLyWh9ZZLfKWnEKlHmjWM-vCCDnb45r6vc&_nc_zt=23&_nc_ht=scontent-ams2-1.xx&_nc_gid=7WKRvDYCWpVW9cX3uMlLqw&_nc_ss=782a8&oh=00_AQGVhXiA4NEYBCWjZOjw9E6e4NBP3hZaAse6Vr7Y4Bcabg&oe=6A7A5100","470201573_1147896510375465_344023811701579859_n.jpg","No photo description available."
"208","373099521188505","stutes-facebook-208-373099521188505.jpg","720","960","https://www.facebook.com/photo.php?fbid=373099521188505&set=pb.100064619866357.-2207520000&type=3","https://scontent-ams2-1.xx.fbcdn.net/v/t39.30808-6/470573149_1147896353708814_3337165693778886456_n.jpg?stp=dst-jpg_tt6&cstp=mx720x960&ctp=s720x960&_nc_cat=102&ccb=1-7&_nc_sid=833d8c&_nc_ohc=lsP_5TYSapEQ7kNvwGJpeNS&_nc_oc=AdrheqcT99HvCyL3z3-5nD3n9DiNF1J22xxijhWVC23-KetEcrytF6XmksS1QWONXz4&_nc_zt=23&_nc_ht=scontent-ams2-1.xx&_nc_gid=CK7AFpoBY45r00m0xNPt4g&_nc_ss=782a8&oh=00_AQGUkguh_m3nc2w57_o3-siKV5cyOKgYo-FoBPUchs3PFw&oe=6A7A6355","470573149_1147896353708814_3337165693778886456_n.jpg","No photo description available."
"209","373099384521852","stutes-facebook-209-373099384521852.jpg","720","960","https://www.facebook.com/photo.php?fbid=373099384521852&set=pb.100064619866357.-2207520000&type=3","https://scontent-ams2-1.xx.fbcdn.net/v/t39.30808-6/470224747_1147896350375481_1164821398844386745_n.jpg?stp=dst-jpg_tt6&cstp=mx720x960&ctp=s720x960&_nc_cat=106&ccb=1-7&_nc_sid=833d8c&_nc_ohc=ZouDoqPVd30Q7kNvwERcl3w&_nc_oc=Adrr0YtwBxe5TPaQH_S2Xvh5du6pAtXsp4XpTov6Gac9_uzIufd4zrFJpvn6LuaspcU&_nc_zt=23&_nc_ht=scontent-ams2-1.xx&_nc_gid=vqmLLd6ErS9qsmzsBJtuUw&_nc_ss=782a8&oh=00_AQEkQoC_2yT1sJX2XOwWHvhNJNa2P_VvpDRko_o4xNX9bw&oe=6A7A7346","470224747_1147896350375481_1164821398844386745_n.jpg","No photo description available."
"210","373099357855188","stutes-facebook-210-373099357855188.jpg","720","960","https://www.facebook.com/photo.php?fbid=373099357855188&set=pb.100064619866357.-2207520000&type=3","https://scontent-ams2-1.xx.fbcdn.net/v/t39.30808-6/470224747_1147896350375481_1164821398844386745_n.jpg?stp=dst-jpg_tt6&cstp=mx720x960&ctp=s720x960&_nc_cat=106&ccb=1-7&_nc_sid=833d8c&_nc_ohc=ZouDoqPVd30Q7kNvwERcl3w&_nc_oc=Adrr0YtwBxe5TPaQH_S2Xvh5du6pAtXsp4XpTov6Gac9_uzIufd4zrFJpvn6LuaspcU&_nc_zt=23&_nc_ht=scontent-ams2-1.xx&_nc_gid=vqmLLd6ErS9qsmzsBJtuUw&_nc_ss=782a8&oh=00_AQEkQoC_2yT1sJX2XOwWHvhNJNa2P_VvpDRko_o4xNX9bw&oe=6A7A7346","470224747_1147896350375481_1164821398844386745_n.jpg","No photo description available."
"211","373099311188526","stutes-facebook-211-373099311188526.jpg","720","960","https://www.facebook.com/photo.php?fbid=373099311188526&set=pb.100064619866357.-2207520000&type=3","https://scontent-ams2-1.xx.fbcdn.net/v/t39.30808-6/470186887_1147896430375473_8291730575883084743_n.jpg?stp=dst-jpg_tt6&cstp=mx720x960&ctp=s720x960&_nc_cat=100&ccb=1-7&_nc_sid=833d8c&_nc_ohc=uVE-xO6JisYQ7kNvwFxvBnf&_nc_oc=Adon4CtXai2RfGup-F-En1Fb4xNdUUvHuz1pbCKCSrJlMgQyWJuxexwvkftQ9j6f_xM&_nc_zt=23&_nc_ht=scontent-ams2-1.xx&_nc_gid=nDLtflweNigZoSoWPwxP1g&_nc_ss=782a8&oh=00_AQHgT8I6ORMsqcTPVDfVxHd-6EAE61t6JyTKQNLuXSrp3A&oe=6A7A6E44","470186887_1147896430375473_8291730575883084743_n.jpg","No photo description available."
"212","373099224521868","stutes-facebook-212-373099224521868.jpg","720","960","https://www.facebook.com/photo.php?fbid=373099224521868&set=pb.100064619866357.-2207520000&type=3","https://scontent-ams2-1.xx.fbcdn.net/v/t39.30808-6/470230427_1147896517042131_5329748325068342208_n.jpg?stp=dst-jpg_tt6&cstp=mx720x960&ctp=s720x960&_nc_cat=101&ccb=1-7&_nc_sid=833d8c&_nc_ohc=EQH6K8hRRUwQ7kNvwGkbsV2&_nc_oc=AdqZbY_a0poTe0rrK9saJdLqfLajjC_fNAeRXacscID4Ydd5UUoOAC6AHgAQfjRtouI&_nc_zt=23&_nc_ht=scontent-ams2-1.xx&_nc_gid=JwsaYtzyq-JrgAmgRLlS_Q&_nc_ss=782a8&oh=00_AQFe9p51rc7j_NK47EZ9LyEgNAgqC93K6zPSMYLD2S7tOQ&oe=6A7A4C35","470230427_1147896517042131_5329748325068342208_n.jpg","No photo description available."
"213","373099201188537","stutes-facebook-213-373099201188537.jpg","720","960","https://www.facebook.com/photo.php?fbid=373099201188537&set=pb.100064619866357.-2207520000&type=3","https://scontent-ams2-1.xx.fbcdn.net/v/t39.30808-6/470230427_1147896517042131_5329748325068342208_n.jpg?stp=dst-jpg_tt6&cstp=mx720x960&ctp=s720x960&_nc_cat=101&ccb=1-7&_nc_sid=833d8c&_nc_ohc=EQH6K8hRRUwQ7kNvwGkbsV2&_nc_oc=AdqZbY_a0poTe0rrK9saJdLqfLajjC_fNAeRXacscID4Ydd5UUoOAC6AHgAQfjRtouI&_nc_zt=23&_nc_ht=scontent-ams2-1.xx&_nc_gid=JwsaYtzyq-JrgAmgRLlS_Q&_nc_ss=782a8&oh=00_AQFe9p51rc7j_NK47EZ9LyEgNAgqC93K6zPSMYLD2S7tOQ&oe=6A7A4C35","470230427_1147896517042131_5329748325068342208_n.jpg","No photo description available."
"214","373099124521878","stutes-facebook-214-373099124521878.jpg","960","720","https://www.facebook.com/photo.php?fbid=373099124521878&set=pb.100064619866357.-2207520000&type=3","https://scontent-ams2-1.xx.fbcdn.net/v/t39.30808-6/470196295_1147896303708819_8858219706218683348_n.jpg?stp=dst-jpg_tt6&cstp=mx960x720&ctp=s960x720&_nc_cat=105&ccb=1-7&_nc_sid=833d8c&_nc_ohc=yF3oq2H1UAgQ7kNvwEjE7NK&_nc_oc=Adph2agyqCrX8Mq9TarDz1YjlHrErVRC57Pw9mWCTg1bU16bqoH2YFmDOVGjTKzjfMM&_nc_zt=23&_nc_ht=scontent-ams2-1.xx&_nc_gid=afLPPh-Vqn8tlSgJEhK9Tg&_nc_ss=782a8&oh=00_AQE_PceGDR9e3U4xIKzO3slIOAx75PXp1N66IrJpxpGTJA&oe=6A7A674F","470196295_1147896303708819_8858219706218683348_n.jpg","No photo description available."
"215","373099101188547","stutes-facebook-215-373099101188547.jpg","500","375","https://www.facebook.com/photo.php?fbid=373099101188547&set=pb.100064619866357.-2207520000&type=3","https://scontent-ams2-1.xx.fbcdn.net/v/t39.30808-6/470178671_1147896467042136_3780600683073797039_n.jpg?stp=dst-jpg_tt6&cstp=mx500x375&ctp=s500x375&_nc_cat=100&ccb=1-7&_nc_sid=833d8c&_nc_ohc=sVPr-Y1RwckQ7kNvwGEVqYo&_nc_oc=Adrgi4MavqP2oCOsdV4ZsoW_DWTJOBNfGJ34j4Sr7Neh8qf798FjQYVs0EFQvoZlWZU&_nc_zt=23&_nc_ht=scontent-ams2-1.xx&_nc_gid=9kTzPhfoCzi6jvVV89xV9Q&_nc_ss=782a8&oh=00_AQG0GZFmaGS9c9Tv1_i8kiAQGjgmEaFP-bFyhXTOFz_G7A&oe=6A7A5416","470178671_1147896467042136_3780600683073797039_n.jpg","No photo description available."
"216","373099051188552","stutes-facebook-216-373099051188552.jpg","500","375","https://www.facebook.com/photo.php?fbid=373099051188552&set=pb.100064619866357.-2207520000&type=3","https://scontent-ams2-1.xx.fbcdn.net/v/t39.30808-6/470178671_1147896467042136_3780600683073797039_n.jpg?stp=dst-jpg_tt6&cstp=mx500x375&ctp=s500x375&_nc_cat=100&ccb=1-7&_nc_sid=833d8c&_nc_ohc=sVPr-Y1RwckQ7kNvwGEVqYo&_nc_oc=Adrgi4MavqP2oCOsdV4ZsoW_DWTJOBNfGJ34j4Sr7Neh8qf798FjQYVs0EFQvoZlWZU&_nc_zt=23&_nc_ht=scontent-ams2-1.xx&_nc_gid=9kTzPhfoCzi6jvVV89xV9Q&_nc_ss=782a8&oh=00_AQG0GZFmaGS9c9Tv1_i8kiAQGjgmEaFP-bFyhXTOFz_G7A&oe=6A7A5416","470178671_1147896467042136_3780600683073797039_n.jpg","No photo description available."
"217","373099034521887","stutes-facebook-217-373099034521887.jpg","720","960","https://www.facebook.com/photo.php?fbid=373099034521887&set=pb.100064619866357.-2207520000&type=3","https://scontent-ams2-1.xx.fbcdn.net/v/t39.30808-6/470186898_1147896553708794_8248351219815533298_n.jpg?stp=dst-jpg_tt6&cstp=mx720x960&ctp=s720x960&_nc_cat=110&ccb=1-7&_nc_sid=833d8c&_nc_ohc=cYgXqsjWBXwQ7kNvwGSJOEQ&_nc_oc=AdozrDhRDQHYEALFIDaZqQqZe8a2987OBGKjYE3_0d5p4DNNO7WbxLsybZDvunleMj0&_nc_zt=23&_nc_ht=scontent-ams2-1.xx&_nc_gid=Wvkxx18sEUNZLhZQYvXzOQ&_nc_ss=782a8&oh=00_AQEqSCbCyXNpBA9Rcg1DjdPe9cu8UJ-QZ9gsnbwcXJC4hQ&oe=6A7A7747","470186898_1147896553708794_8248351219815533298_n.jpg","No photo description available."
"218","373098964521894","stutes-facebook-218-373098964521894.jpg","720","960","https://www.facebook.com/photo.php?fbid=373098964521894&set=pb.100064619866357.-2207520000&type=3","https://scontent-ams2-1.xx.fbcdn.net/v/t39.30808-6/470209194_1147896520375464_579259729233840025_n.jpg?stp=dst-jpg_tt6&cstp=mx720x960&ctp=s720x960&_nc_cat=104&ccb=1-7&_nc_sid=833d8c&_nc_ohc=kzwwLmCaHkIQ7kNvwFGIxLJ&_nc_oc=AdpfFc0vLau9zZI6NnlSRrvqAY4OfzL-ii6yaOmd-NEuLb6bn_Z4g5uqrEq2p5GjOc0&_nc_zt=23&_nc_ht=scontent-ams2-1.xx&_nc_gid=1wPhnpXL1LQ90n8I-Hu1vw&_nc_ss=782a8&oh=00_AQHP-gDnwGXAaGW_pgZY3MKpgybxSVcaXq0qrlWPmyNYCQ&oe=6A7A6137","470209194_1147896520375464_579259729233840025_n.jpg","No photo description available."
"219","370000584831732","stutes-facebook-219-370000584831732.jpg","720","960","https://www.facebook.com/photo.php?fbid=370000584831732&set=pb.100064619866357.-2207520000&type=3","https://scontent-ams2-1.xx.fbcdn.net/v/t39.30808-6/470230273_1147896363708813_1589113426271630404_n.jpg?stp=dst-jpg_tt6&cstp=mx720x960&ctp=s720x960&_nc_cat=106&ccb=1-7&_nc_sid=833d8c&_nc_ohc=k9_ck34v1J0Q7kNvwG7dEt4&_nc_oc=AdonIpD_dfgyKXzO99C2hYpIXoBBjwyEK9SyRf-ViiHQaH4vDLytDBbBOqY6M6Gleno&_nc_zt=23&_nc_ht=scontent-ams2-1.xx&_nc_gid=C0c_RmhBayGEWFB6WGid9A&_nc_ss=782a8&oh=00_AQHJpGQ-O5W5aLBoOTIj1GL4xubAnbSc0tiYI4yRij3U0A&oe=6A7A4C74","470230273_1147896363708813_1589113426271630404_n.jpg","No photo description available."
"220","370000538165070","stutes-facebook-220-370000538165070.jpg","960","720","https://www.facebook.com/photo.php?fbid=370000538165070&set=pb.100064619866357.-2207520000&type=3","https://scontent-ams2-1.xx.fbcdn.net/v/t39.30808-6/469392126_1144016747430108_716254154036843536_n.jpg?stp=dst-jpg_tt6&cstp=mx960x720&ctp=s960x720&_nc_cat=106&ccb=1-7&_nc_sid=833d8c&_nc_ohc=VOrcLISjCzUQ7kNvwFrZ8YN&_nc_oc=Adpeb7KRJUfANB2U-lzZr-MatWMN7yEqc5Mk7kF14aAIam0VwmWsRutFWmCNCeW9Ats&_nc_zt=23&_nc_ht=scontent-ams2-1.xx&_nc_gid=TOyNm2-Fr-s92PiQsFycgw&_nc_ss=782a8&oh=00_AQFb_qOM_KnmNR7CBMvc2f2HYFPMKPBdA-eljQKQJH75Sw&oe=6A7A4FEE","469392126_1144016747430108_716254154036843536_n.jpg","No photo description available."
"221","370000504831740","stutes-facebook-221-370000504831740.jpg","960","720","https://www.facebook.com/photo.php?fbid=370000504831740&set=pb.100064619866357.-2207520000&type=3","https://scontent-ams2-1.xx.fbcdn.net/v/t39.30808-6/469392126_1144016747430108_716254154036843536_n.jpg?stp=dst-jpg_tt6&cstp=mx960x720&ctp=s960x720&_nc_cat=106&ccb=1-7&_nc_sid=833d8c&_nc_ohc=VOrcLISjCzUQ7kNvwFrZ8YN&_nc_oc=Adpeb7KRJUfANB2U-lzZr-MatWMN7yEqc5Mk7kF14aAIam0VwmWsRutFWmCNCeW9Ats&_nc_zt=23&_nc_ht=scontent-ams2-1.xx&_nc_gid=TOyNm2-Fr-s92PiQsFycgw&_nc_ss=782a8&oh=00_AQFb_qOM_KnmNR7CBMvc2f2HYFPMKPBdA-eljQKQJH75Sw&oe=6A7A4FEE","469392126_1144016747430108_716254154036843536_n.jpg","No photo description available."
"222","370000451498412","stutes-facebook-222-370000451498412.jpg","721","960","https://www.facebook.com/photo.php?fbid=370000451498412&set=pb.100064619866357.-2207520000&type=3","https://scontent-ams2-1.xx.fbcdn.net/v/t39.30808-6/469475054_1144017164096733_1117085443659513721_n.jpg?stp=dst-jpg_tt6&cstp=mx721x960&ctp=s721x960&_nc_cat=102&ccb=1-7&_nc_sid=833d8c&_nc_ohc=7ihcOcaeGwgQ7kNvwGEkLxf&_nc_oc=AdrjoExesA9fRYoyj8DaVNhWrM5_A8EPGCN57zYZ9-1lJ3veaiwco6mshWKsMMwDzdk&_nc_zt=23&_nc_ht=scontent-ams2-1.xx&_nc_gid=HVCxUM4F-Yh5rTHHp_dwNQ&_nc_ss=782a8&oh=00_AQFHQiDK6PRd9_ADGnBxhC4bQtcKUb_cZdgVYEbbkdzWQg&oe=6A7A5FB5","469475054_1144017164096733_1117085443659513721_n.jpg","No photo description available."
"223","370000424831748","stutes-facebook-223-370000424831748.jpg","960","720","https://www.facebook.com/photo.php?fbid=370000424831748&set=pb.100064619866357.-2207520000&type=3","https://scontent-ams2-1.xx.fbcdn.net/v/t39.30808-6/469477213_1144017114096738_3344797649922541074_n.jpg?stp=dst-jpg_tt6&cstp=mx960x720&ctp=s960x720&_nc_cat=109&ccb=1-7&_nc_sid=833d8c&_nc_ohc=HbnG88O-hqsQ7kNvwHvhBSM&_nc_oc=Adrt9NLYeY1Gjs9Zwvi4KQDRS5rYKvi7vircOd54Mo1XWdLDIleWKTbTwR1MWp8Fvlo&_nc_zt=23&_nc_ht=scontent-ams2-1.xx&_nc_gid=GkhuyHMWnlHZ6J_vedysLA&_nc_ss=782a8&oh=00_AQH00-olO5tRQKde3d8b1UlZmwWVD30qxHaYEPddwjLARg&oe=6A7A7491","469477213_1144017114096738_3344797649922541074_n.jpg","No photo description available."
"224","370000384831752","stutes-facebook-224-370000384831752.jpg","960","720","https://www.facebook.com/photo.php?fbid=370000384831752&set=pb.100064619866357.-2207520000&type=3","https://scontent-ams2-1.xx.fbcdn.net/v/t39.30808-6/469477213_1144017114096738_3344797649922541074_n.jpg?stp=dst-jpg_tt6&cstp=mx960x720&ctp=s960x720&_nc_cat=109&ccb=1-7&_nc_sid=833d8c&_nc_ohc=HbnG88O-hqsQ7kNvwHvhBSM&_nc_oc=Adrt9NLYeY1Gjs9Zwvi4KQDRS5rYKvi7vircOd54Mo1XWdLDIleWKTbTwR1MWp8Fvlo&_nc_zt=23&_nc_ht=scontent-ams2-1.xx&_nc_gid=GkhuyHMWnlHZ6J_vedysLA&_nc_ss=782a8&oh=00_AQH00-olO5tRQKde3d8b1UlZmwWVD30qxHaYEPddwjLARg&oe=6A7A7491","469477213_1144017114096738_3344797649922541074_n.jpg","No photo description available."
"225","324607476037710","stutes-facebook-225-324607476037710.jpg","720","960","https://www.facebook.com/photo.php?fbid=324607476037710&set=pb.100064619866357.-2207520000&type=3","https://scontent-ams2-1.xx.fbcdn.net/v/t39.30808-6/469455544_1144017067430076_3747285817774458315_n.jpg?stp=dst-jpg_tt6&cstp=mx720x960&ctp=s720x960&_nc_cat=100&ccb=1-7&_nc_sid=833d8c&_nc_ohc=QG7BR9Y4sqAQ7kNvwEpERYK&_nc_oc=AdoFEp6ZuEyDcLGYlgg8oNnXmgemSBeZmlCcG1xXDviq9cN1SlDGtfsNtmCw-PRr4WM&_nc_zt=23&_nc_ht=scontent-ams2-1.xx&_nc_gid=dhuXGU6l3mH_pc1F1t-Mpw&_nc_ss=782a8&oh=00_AQEFUuxuly674Rd1rYYCXHuHT4EHF4-o2jp3HDsLtywD5g&oe=6A7A5456","469455544_1144017067430076_3747285817774458315_n.jpg","No photo description available."
"226","324607009371090","stutes-facebook-226-324607009371090.jpg","720","960","https://www.facebook.com/photo.php?fbid=324607009371090&set=pb.100064619866357.-2207520000&type=3","https://scontent-ams2-1.xx.fbcdn.net/v/t1.6435-9/199445441_324600029371788_8111928300020419843_n.jpg?stp=dst-jpg_tt6&cstp=mx720x960&ctp=s720x960&_nc_cat=109&ccb=1-7&_nc_sid=cc71e4&_nc_ohc=qZrLmnhG3pkQ7kNvwEAxK-z&_nc_oc=Adr3Cagy7fzLU2SQOcoRuQuVOME-aAk1hj1XLb62deu6N0sBoVEktOIp5qlAqixLF84&_nc_zt=23&_nc_ht=scontent-ams2-1.xx&_nc_gid=TIFoia9l9BIFoCJKnWbl3g&_nc_ss=7e2a8&oh=00_AQEBKz4p9bu3fZ6HV_oH6fEtG6xCO_k1NsQ89uPu5XKGkQ&oe=6A9C127F","199445441_324600029371788_8111928300020419843_n.jpg","No photo description available."
"227","324606702704454","stutes-facebook-227-324606702704454.jpg","720","960","https://www.facebook.com/photo.php?fbid=324606702704454&set=pb.100064619866357.-2207520000&type=3","https://scontent-ams2-1.xx.fbcdn.net/v/t1.6435-9/199445441_324600029371788_8111928300020419843_n.jpg?stp=dst-jpg_tt6&cstp=mx720x960&ctp=s720x960&_nc_cat=109&ccb=1-7&_nc_sid=cc71e4&_nc_ohc=qZrLmnhG3pkQ7kNvwEAxK-z&_nc_oc=Adr3Cagy7fzLU2SQOcoRuQuVOME-aAk1hj1XLb62deu6N0sBoVEktOIp5qlAqixLF84&_nc_zt=23&_nc_ht=scontent-ams2-1.xx&_nc_gid=TIFoia9l9BIFoCJKnWbl3g&_nc_ss=7e2a8&oh=00_AQEBKz4p9bu3fZ6HV_oH6fEtG6xCO_k1NsQ89uPu5XKGkQ&oe=6A9C127F","199445441_324600029371788_8111928300020419843_n.jpg","No photo description available."
"228","324606479371143","stutes-facebook-228-324606479371143.jpg","720","960","https://www.facebook.com/photo.php?fbid=324606479371143&set=pb.100064619866357.-2207520000&type=3","https://scontent-ams2-1.xx.fbcdn.net/v/t1.6435-9/197795538_324600739371717_5827065099957361599_n.jpg?stp=dst-jpg_tt6&cstp=mx720x960&ctp=s720x960&_nc_cat=106&ccb=1-7&_nc_sid=cc71e4&_nc_ohc=vuTE753O8hMQ7kNvwGXFPkq&_nc_oc=AdoPG7s3wSS7Wee0KKiS45OLpcIHbNwrwyobY2PTnN1cf9yrVHdrcOU36hwBTDdjYMc&_nc_zt=23&_nc_ht=scontent-ams2-1.xx&_nc_gid=4_J-j70iVN0XS9po4m0kHA&_nc_ss=782a8&oh=00_AQEPF38tqka5zF3x0LB1JAJJyzI8JiG656LBQSl4v44O6A&oe=6A9C130F","197795538_324600739371717_5827065099957361599_n.jpg","No photo description available."
"229","324600789371712","stutes-facebook-229-324600789371712.jpg","720","960","https://www.facebook.com/photo.php?fbid=324600789371712&set=pb.100064619866357.-2207520000&type=3","https://scontent-ams2-1.xx.fbcdn.net/v/t1.6435-9/197803496_324600792705045_6707973316007953418_n.jpg?stp=dst-jpg_tt6&cstp=mx720x960&ctp=s720x960&_nc_cat=100&ccb=1-7&_nc_sid=833d8c&_nc_ohc=SANwXQ027xMQ7kNvwGuzsC8&_nc_oc=AdoSsdoLXecV-jzLbErxzaUg4Wavf3Nqjy4CN6Fe2VAbPJF8c8Eu6knLW4o1iGP8rlI&_nc_zt=23&_nc_ht=scontent-ams2-1.xx&_nc_gid=QZmJW1wAjWBGsmTh3hdgDw&_nc_ss=7e2a8&oh=00_AQEpfYAeN2KA9MTvbeOeEgkHxd85zzy5xttYBDH4O4ArAg&oe=6A9C002A","197803496_324600792705045_6707973316007953418_n.jpg","No photo description available."
"230","324600776038380","stutes-facebook-230-324600776038380.jpg","720","960","https://www.facebook.com/photo.php?fbid=324600776038380&set=pb.100064619866357.-2207520000&type=3","https://scontent-ams2-1.xx.fbcdn.net/v/t1.6435-9/197803496_324600792705045_6707973316007953418_n.jpg?stp=dst-jpg_tt6&cstp=mx720x960&ctp=s720x960&_nc_cat=100&ccb=1-7&_nc_sid=833d8c&_nc_ohc=SANwXQ027xMQ7kNvwGuzsC8&_nc_oc=AdoSsdoLXecV-jzLbErxzaUg4Wavf3Nqjy4CN6Fe2VAbPJF8c8Eu6knLW4o1iGP8rlI&_nc_zt=23&_nc_ht=scontent-ams2-1.xx&_nc_gid=QZmJW1wAjWBGsmTh3hdgDw&_nc_ss=7e2a8&oh=00_AQEpfYAeN2KA9MTvbeOeEgkHxd85zzy5xttYBDH4O4ArAg&oe=6A9C002A","197803496_324600792705045_6707973316007953418_n.jpg","No photo description available."
"231","324600699371721","stutes-facebook-231-324600699371721.jpg","720","960","https://www.facebook.com/photo.php?fbid=324600699371721&set=pb.100064619866357.-2207520000&type=3","https://scontent-ams2-1.xx.fbcdn.net/v/t1.6435-9/198192567_324600702705054_3504172794397818949_n.jpg?stp=dst-jpg_tt6&cstp=mx720x960&ctp=s720x960&_nc_cat=101&ccb=1-7&_nc_sid=833d8c&_nc_ohc=0AKYH1U_EqAQ7kNvwEaNPay&_nc_oc=Adr1CzFI9P95xgra4z-i3jE5bxBxcQ1fhcOQ2ZBaXYamJJbFOQy7I77OTpbapgjhUX0&_nc_zt=23&_nc_ht=scontent-ams2-1.xx&_nc_gid=NWlZXNJn7u7plUt3kdmSQQ&_nc_ss=7e2a8&oh=00_AQGS7_DZfh5_x2pHA1fK3VUHnXRSR9qeRDrEMo_fSkhaVA&oe=6A9BF8F6","198192567_324600702705054_3504172794397818949_n.jpg","No photo description available."
"232","324600682705056","stutes-facebook-232-324600682705056.jpg","720","960","https://www.facebook.com/photo.php?fbid=324600682705056&set=pb.100064619866357.-2207520000&type=3","https://scontent-ams2-1.xx.fbcdn.net/v/t1.6435-9/198192567_324600702705054_3504172794397818949_n.jpg?stp=dst-jpg_tt6&cstp=mx720x960&ctp=s720x960&_nc_cat=101&ccb=1-7&_nc_sid=833d8c&_nc_ohc=0AKYH1U_EqAQ7kNvwEaNPay&_nc_oc=Adr1CzFI9P95xgra4z-i3jE5bxBxcQ1fhcOQ2ZBaXYamJJbFOQy7I77OTpbapgjhUX0&_nc_zt=23&_nc_ht=scontent-ams2-1.xx&_nc_gid=NWlZXNJn7u7plUt3kdmSQQ&_nc_ss=7e2a8&oh=00_AQGS7_DZfh5_x2pHA1fK3VUHnXRSR9qeRDrEMo_fSkhaVA&oe=6A9BF8F6","198192567_324600702705054_3504172794397818949_n.jpg","No photo description available."
"233","324600642705060","stutes-facebook-233-324600642705060.jpg","720","960","https://www.facebook.com/photo.php?fbid=324600642705060&set=pb.100064619866357.-2207520000&type=3","https://scontent-ams2-1.xx.fbcdn.net/v/t1.6435-9/196972829_324600652705059_4214390293077237228_n.jpg?stp=dst-jpg_tt6&cstp=mx720x960&ctp=s720x960&_nc_cat=111&ccb=1-7&_nc_sid=833d8c&_nc_ohc=Js0Z58-8x7cQ7kNvwGZOwRY&_nc_oc=AdqEtke9lSVEACqEpjpXJIItgYBF8lYvsN65njfeLsrc3i0wZpTDtArHVODnA94BDkA&_nc_zt=23&_nc_ht=scontent-ams2-1.xx&_nc_gid=8zU-Q0GxdEJAVGKBdvEcfQ&_nc_ss=782a8&oh=00_AQFPrNDtnEv0JtZ4kiwYWrAcc5VO3yf9Anzy7P4uylVo5w&oe=6A9BFB28","196972829_324600652705059_4214390293077237228_n.jpg","No photo description available."
"234","324600639371727","stutes-facebook-234-324600639371727.jpg","720","960","https://www.facebook.com/photo.php?fbid=324600639371727&set=pb.100064619866357.-2207520000&type=3","https://scontent-ams2-1.xx.fbcdn.net/v/t1.6435-9/196972829_324600652705059_4214390293077237228_n.jpg?stp=dst-jpg_tt6&cstp=mx720x960&ctp=s720x960&_nc_cat=111&ccb=1-7&_nc_sid=833d8c&_nc_ohc=Js0Z58-8x7cQ7kNvwGZOwRY&_nc_oc=AdqEtke9lSVEACqEpjpXJIItgYBF8lYvsN65njfeLsrc3i0wZpTDtArHVODnA94BDkA&_nc_zt=23&_nc_ht=scontent-ams2-1.xx&_nc_gid=8zU-Q0GxdEJAVGKBdvEcfQ&_nc_ss=782a8&oh=00_AQFPrNDtnEv0JtZ4kiwYWrAcc5VO3yf9Anzy7P4uylVo5w&oe=6A9BFB28","196972829_324600652705059_4214390293077237228_n.jpg","No photo description available."
"235","324600616038396","stutes-facebook-235-324600616038396.jpg","720","960","https://www.facebook.com/photo.php?fbid=324600616038396&set=pb.100064619866357.-2207520000&type=3","https://scontent-ams2-1.xx.fbcdn.net/v/t1.6435-9/197886913_324600649371726_3643448486816890723_n.jpg?stp=dst-jpg_tt6&cstp=mx720x960&ctp=s720x960&_nc_cat=108&ccb=1-7&_nc_sid=833d8c&_nc_ohc=Bwo1V60doWMQ7kNvwGAQik2&_nc_oc=AdqJlAY6ynCrrd0OpqzncswHT4juOJxHL2_eGPPvnvzMOkjR7HwYISS_10ZxShBHxjc&_nc_zt=23&_nc_ht=scontent-ams2-1.xx&_nc_gid=7JZeCWN7e86ojGP2pgRgNw&_nc_ss=782a8&oh=00_AQFLYCTTyYAZ7R0T047na1t00t7FjpU9KSR4MO-qxej5Xw&oe=6A9BF6DB","197886913_324600649371726_3643448486816890723_n.jpg","No photo description available."
"236","324600579371733","stutes-facebook-236-324600579371733.jpg","720","960","https://www.facebook.com/photo.php?fbid=324600579371733&set=pb.100064619866357.-2207520000&type=3","https://scontent-ams2-1.xx.fbcdn.net/v/t1.6435-9/197863539_324600582705066_2026907666156891769_n.jpg?stp=dst-jpg_tt6&cstp=mx720x960&ctp=s720x960&_nc_cat=100&ccb=1-7&_nc_sid=833d8c&_nc_ohc=Ab8gvNqSpNMQ7kNvwFxpNi7&_nc_oc=AdrgaCfBfZTmmEM2DVdW-NXBFuKRnXtTn_xVrjhegXLEgKlSdexg4n7wOh5mtr3ZuHg&_nc_zt=23&_nc_ht=scontent-ams2-1.xx&_nc_gid=8rwMfDaSINXUwQej_rpAyA&_nc_ss=782a8&oh=00_AQG_7HKYaYzB51TRp7Lzok71uwdhlIUyucQUjLnWin04eQ&oe=6A9BF490","197863539_324600582705066_2026907666156891769_n.jpg","No photo description available."
"237","324600569371734","stutes-facebook-237-324600569371734.jpg","720","960","https://www.facebook.com/photo.php?fbid=324600569371734&set=pb.100064619866357.-2207520000&type=3","https://scontent-ams2-1.xx.fbcdn.net/v/t1.6435-9/197869083_324600572705067_6896709531905231456_n.jpg?stp=dst-jpg_tt6&cstp=mx720x960&ctp=s720x960&_nc_cat=106&ccb=1-7&_nc_sid=833d8c&_nc_ohc=qhzy4bIXAR4Q7kNvwEHNpwQ&_nc_oc=AdoeJIxz3pBgWhSRCnBuu-_CD_a3Ta9_mtkYi8hsQAcnOhyUydVZrOsScp25uvlpIi0&_nc_zt=23&_nc_ht=scontent-ams2-1.xx&_nc_gid=2H3AW-jsC4hfZu3j7GhjKA&_nc_ss=782a8&oh=00_AQE8WiqBTiaFVPDKM6gb5YAKpUi_vJo78K7lWdtbDNClNQ&oe=6A9BEA4A","197869083_324600572705067_6896709531905231456_n.jpg","No photo description available."
"238","324600542705070","stutes-facebook-238-324600542705070.jpg","720","960","https://www.facebook.com/photo.php?fbid=324600542705070&set=pb.100064619866357.-2207520000&type=3","https://scontent-ams2-1.xx.fbcdn.net/v/t1.6435-9/197869083_324600572705067_6896709531905231456_n.jpg?stp=dst-jpg_tt6&cstp=mx720x960&ctp=s720x960&_nc_cat=106&ccb=1-7&_nc_sid=833d8c&_nc_ohc=qhzy4bIXAR4Q7kNvwEHNpwQ&_nc_oc=AdoeJIxz3pBgWhSRCnBuu-_CD_a3Ta9_mtkYi8hsQAcnOhyUydVZrOsScp25uvlpIi0&_nc_zt=23&_nc_ht=scontent-ams2-1.xx&_nc_gid=2H3AW-jsC4hfZu3j7GhjKA&_nc_ss=782a8&oh=00_AQE8WiqBTiaFVPDKM6gb5YAKpUi_vJo78K7lWdtbDNClNQ&oe=6A9BEA4A","197869083_324600572705067_6896709531905231456_n.jpg","No photo description available."
"239","324600532705071","stutes-facebook-239-324600532705071.jpg","720","960","https://www.facebook.com/photo.php?fbid=324600532705071&set=pb.100064619866357.-2207520000&type=3","https://scontent-ams2-1.xx.fbcdn.net/v/t1.6435-9/199664121_324600546038403_6521590576351733034_n.jpg?stp=dst-jpg_tt6&cstp=mx720x960&ctp=s720x960&_nc_cat=105&ccb=1-7&_nc_sid=833d8c&_nc_ohc=gsz2LLq9hoQQ7kNvwHMcpXJ&_nc_oc=AdrncpyMFhkXoOzxEl5qLDOyZsqonZDINwzZxyzDcUsEwFoexslosBz5JhTjv-xeypY&_nc_zt=23&_nc_ht=scontent-ams2-1.xx&_nc_gid=FQZaDr-9reKpcEo4PVvJRw&_nc_ss=782a8&oh=00_AQFYm_RF-Wr2QhtYgl0qinIAeCxFXJteQJfIIqrE1T9Tcg&oe=6A9BEEF0","199664121_324600546038403_6521590576351733034_n.jpg","No photo description available."
"240","324600502705074","stutes-facebook-240-324600502705074.jpg","720","960","https://www.facebook.com/photo.php?fbid=324600502705074&set=pb.100064619866357.-2207520000&type=3","https://scontent-ams2-1.xx.fbcdn.net/v/t1.6435-9/197869075_324600536038404_8482356108584538559_n.jpg?stp=dst-jpg_tt6&cstp=mx720x960&ctp=s720x960&_nc_cat=104&ccb=1-7&_nc_sid=833d8c&_nc_ohc=uUCZe8wuTVUQ7kNvwFzP74v&_nc_oc=Adox3f8lTUexJ09GiKnSLu4tLhp8wkzquwZ8d7r7ShoVlmPa16hD5LLXNzrilK24oeg&_nc_zt=23&_nc_ht=scontent-ams2-1.xx&_nc_gid=TZu6YcWnCKSB-zEf5lOO-w&_nc_ss=782a8&oh=00_AQFTW_OnvoETL_okxdRTb7cU8WmgRormmjUzSisbBZSJXA&oe=6A9C0001","197869075_324600536038404_8482356108584538559_n.jpg","No photo description available."
"241","324600469371744","stutes-facebook-241-324600469371744.jpg","960","720","https://www.facebook.com/photo.php?fbid=324600469371744&set=pb.100064619866357.-2207520000&type=3","https://scontent-ams2-1.xx.fbcdn.net/v/t1.6435-9/197987788_324600476038410_2024676140622378829_n.jpg?stp=dst-jpg_tt6&cstp=mx960x720&ctp=s960x720&_nc_cat=103&ccb=1-7&_nc_sid=833d8c&_nc_ohc=EsNCxvKzM2AQ7kNvwHhESO-&_nc_oc=Ado7mQ2rt2npgq5ZY5FC8wMQNBQj1A4irPtdtdVwah1Q2TZt8HTWNgf9tTlH87DRf9w&_nc_zt=23&_nc_ht=scontent-ams2-1.xx&_nc_gid=Tiko9xMrds_KNYcH0BxYeg&_nc_ss=782a8&oh=00_AQEzrpVXDmbXoJW9q1Wr4ruAG1SUiSXPyuSXJwE2esR3Ew&oe=6A9C1485","197987788_324600476038410_2024676140622378829_n.jpg","No photo description available."
"242","324600462705078","stutes-facebook-242-324600462705078.jpg","960","720","https://www.facebook.com/photo.php?fbid=324600462705078&set=pb.100064619866357.-2207520000&type=3","https://scontent-ams2-1.xx.fbcdn.net/v/t1.6435-9/197987788_324600476038410_2024676140622378829_n.jpg?stp=dst-jpg_tt6&cstp=mx960x720&ctp=s960x720&_nc_cat=103&ccb=1-7&_nc_sid=833d8c&_nc_ohc=EsNCxvKzM2AQ7kNvwHhESO-&_nc_oc=Ado7mQ2rt2npgq5ZY5FC8wMQNBQj1A4irPtdtdVwah1Q2TZt8HTWNgf9tTlH87DRf9w&_nc_zt=23&_nc_ht=scontent-ams2-1.xx&_nc_gid=Tiko9xMrds_KNYcH0BxYeg&_nc_ss=782a8&oh=00_AQEzrpVXDmbXoJW9q1Wr4ruAG1SUiSXPyuSXJwE2esR3Ew&oe=6A9C1485","197987788_324600476038410_2024676140622378829_n.jpg","No photo description available."
"243","324600426038415","stutes-facebook-243-324600426038415.jpg","720","960","https://www.facebook.com/photo.php?fbid=324600426038415&set=pb.100064619866357.-2207520000&type=3","https://scontent-ams2-1.xx.fbcdn.net/v/t1.6435-9/198813446_324600429371748_6853424490932202637_n.jpg?stp=dst-jpg_tt6&cstp=mx720x960&ctp=s720x960&_nc_cat=102&ccb=1-7&_nc_sid=833d8c&_nc_ohc=2BbSsQmwWIAQ7kNvwFfOpJQ&_nc_oc=AdpMKEoM1HiipTy0kpci_59tKAlnugtHEr4NPTNIpyAWIHLDX52m3uM5DuwNUdqQA-g&_nc_zt=23&_nc_ht=scontent-ams2-1.xx&_nc_gid=Z8ow4sD75agV8-ehIHbHCA&_nc_ss=782a8&oh=00_AQHCpFas4s9ihSMbdHxP7WG855xNjRwANRxv-UP76BxU8A&oe=6A9BFCF3","198813446_324600429371748_6853424490932202637_n.jpg","No photo description available."
"244","324600419371749","stutes-facebook-244-324600419371749.jpg","720","960","https://www.facebook.com/photo.php?fbid=324600419371749&set=pb.100064619866357.-2207520000&type=3","https://scontent-ams2-1.xx.fbcdn.net/v/t1.6435-9/198813446_324600429371748_6853424490932202637_n.jpg?stp=dst-jpg_tt6&cstp=mx720x960&ctp=s720x960&_nc_cat=102&ccb=1-7&_nc_sid=833d8c&_nc_ohc=2BbSsQmwWIAQ7kNvwFfOpJQ&_nc_oc=AdpMKEoM1HiipTy0kpci_59tKAlnugtHEr4NPTNIpyAWIHLDX52m3uM5DuwNUdqQA-g&_nc_zt=23&_nc_ht=scontent-ams2-1.xx&_nc_gid=Z8ow4sD75agV8-ehIHbHCA&_nc_ss=782a8&oh=00_AQHCpFas4s9ihSMbdHxP7WG855xNjRwANRxv-UP76BxU8A&oe=6A9BFCF3","198813446_324600429371748_6853424490932202637_n.jpg","No photo description available."
"245","324600386038419","stutes-facebook-245-324600386038419.jpg","720","960","https://www.facebook.com/photo.php?fbid=324600386038419&set=pb.100064619866357.-2207520000&type=3","https://scontent-ams2-1.xx.fbcdn.net/v/t1.6435-9/197869083_324600422705082_872659818953026774_n.jpg?stp=dst-jpg_tt6&cstp=mx720x960&ctp=s720x960&_nc_cat=100&ccb=1-7&_nc_sid=833d8c&_nc_ohc=vz558ts0VGsQ7kNvwEJPxLa&_nc_oc=AdrZuyQIAcLsfJ6MXgvwZyEthjQvwjyXzKgNDUAAZxrO2M9C33SBRy72nkhaC6O5vzQ&_nc_zt=23&_nc_ht=scontent-ams2-1.xx&_nc_gid=JIaqGQRioxCeWYMq3v6PCA&_nc_ss=782a8&oh=00_AQHnNFrEz6H1SXczDbQqLqUjMS1SzTMCGsN9yufPVZc9RA&oe=6A9C1174","197869083_324600422705082_872659818953026774_n.jpg","No photo description available."
"246","324600362705088","stutes-facebook-246-324600362705088.jpg","720","960","https://www.facebook.com/photo.php?fbid=324600362705088&set=pb.100064619866357.-2207520000&type=3","https://scontent-ams2-1.xx.fbcdn.net/v/t1.6435-9/198393937_324600389371752_285007808470351555_n.jpg?stp=dst-jpg_tt6&cstp=mx720x960&ctp=s720x960&_nc_cat=111&ccb=1-7&_nc_sid=833d8c&_nc_ohc=9qRkLg2a8CMQ7kNvwHaSL3f&_nc_oc=Ado8Yo_jfkFpXLPn6-CafGExYEp7jTMgHgnGNl5LNT_0uAOkL7eUjEKT8A4Kt_Zw8vU&_nc_zt=23&_nc_ht=scontent-ams2-1.xx&_nc_gid=x78FwnGnUrCXf_kzUfNgeA&_nc_ss=782a8&oh=00_AQEGsuKRGLuGXTJetYElhVmnT0gfBaMCfIbFxeZiTNYgJw&oe=6A9C0F39","198393937_324600389371752_285007808470351555_n.jpg","No photo description available."
"247","324600336038424","stutes-facebook-247-324600336038424.jpg","720","960","https://www.facebook.com/photo.php?fbid=324600336038424&set=pb.100064619866357.-2207520000&type=3","https://scontent-ams2-1.xx.fbcdn.net/v/t1.6435-9/198949421_324600339371757_252849818147134256_n.jpg?stp=dst-jpg_tt6&cstp=mx720x960&ctp=s720x960&_nc_cat=109&ccb=1-7&_nc_sid=833d8c&_nc_ohc=jONNhYNAHeEQ7kNvwHPJisd&_nc_oc=AdogdvJXBxSIiXamOnW48OWh5RND6-RbARlVVVTrU8-fhhNGxVdHMH_jpe9B4FsjjY4&_nc_zt=23&_nc_ht=scontent-ams2-1.xx&_nc_gid=vulfe94pXHZS8IHTSwgUdQ&_nc_ss=782a8&oh=00_AQG3zAWiplM5aYOk3Skg4gzMbOi71x295A4ui8p6i13giw&oe=6A9C195F","198949421_324600339371757_252849818147134256_n.jpg","No photo description available."
"248","324600326038425","stutes-facebook-248-324600326038425.jpg","720","960","https://www.facebook.com/photo.php?fbid=324600326038425&set=pb.100064619866357.-2207520000&type=3","https://scontent-ams2-1.xx.fbcdn.net/v/t1.6435-9/198949421_324600339371757_252849818147134256_n.jpg?stp=dst-jpg_tt6&cstp=mx720x960&ctp=s720x960&_nc_cat=109&ccb=1-7&_nc_sid=833d8c&_nc_ohc=jONNhYNAHeEQ7kNvwHPJisd&_nc_oc=AdogdvJXBxSIiXamOnW48OWh5RND6-RbARlVVVTrU8-fhhNGxVdHMH_jpe9B4FsjjY4&_nc_zt=23&_nc_ht=scontent-ams2-1.xx&_nc_gid=vulfe94pXHZS8IHTSwgUdQ&_nc_ss=782a8&oh=00_AQG3zAWiplM5aYOk3Skg4gzMbOi71x295A4ui8p6i13giw&oe=6A9C195F","198949421_324600339371757_252849818147134256_n.jpg","No photo description available."
"249","324600276038430","stutes-facebook-249-324600276038430.jpg","960","720","https://www.facebook.com/photo.php?fbid=324600276038430&set=pb.100064619866357.-2207520000&type=3","https://scontent-ams2-1.xx.fbcdn.net/v/t1.6435-9/198473618_324600282705096_3858336698964670012_n.jpg?stp=dst-jpg_tt6&cstp=mx960x720&ctp=s960x720&_nc_cat=108&ccb=1-7&_nc_sid=833d8c&_nc_ohc=y9KrIpl52EIQ7kNvwEF8Qvl&_nc_oc=AdrdZCg2OIrEB9ddflkh8_YRbwVPDOwBXceEGS0Kf6zi32Pu00E3Y2ALvDXPkra_Tek&_nc_zt=23&_nc_ht=scontent-ams2-1.xx&_nc_gid=0Kr9DOTuTta5Sk3_gm2EMQ&_nc_ss=782a8&oh=00_AQGa4CEFbbuLZOkmSliAHBZCG-28mM8cOmSM2I6y2c1o2A&oe=6A9BE7D7","198473618_324600282705096_3858336698964670012_n.jpg","No photo description available."
"250","324600256038432","stutes-facebook-250-324600256038432.jpg","720","960","https://www.facebook.com/photo.php?fbid=324600256038432&set=pb.100064619866357.-2207520000&type=3","https://scontent-ams2-1.xx.fbcdn.net/v/t1.6435-9/199296675_324600259371765_7336680765124974137_n.jpg?stp=dst-jpg_tt6&cstp=mx720x960&ctp=s720x960&_nc_cat=100&ccb=1-7&_nc_sid=833d8c&_nc_ohc=0DjF7SIeDPcQ7kNvwF8IgZ_&_nc_oc=AdoWyyY0MOEOMCAJVY-qd2jzE51adrBC3Yi7e34QhWhR6Rs1PDCiYy1CXtxGUQK1kZk&_nc_zt=23&_nc_ht=scontent-ams2-1.xx&_nc_gid=uLTyAurSWAzvDl36nwC4NA&_nc_ss=782a8&oh=00_AQFa3IvafzlmiwSQS9RQw98ksmiX5SmxKqjc1FQtLDh4Yg&oe=6A9C00B7","199296675_324600259371765_7336680765124974137_n.jpg","No photo description available."
"251","324600246038433","stutes-facebook-251-324600246038433.jpg","720","960","https://www.facebook.com/photo.php?fbid=324600246038433&set=pb.100064619866357.-2207520000&type=3","https://scontent-ams2-1.xx.fbcdn.net/v/t1.6435-9/199296675_324600259371765_7336680765124974137_n.jpg?stp=dst-jpg_tt6&cstp=mx720x960&ctp=s720x960&_nc_cat=100&ccb=1-7&_nc_sid=833d8c&_nc_ohc=0DjF7SIeDPcQ7kNvwF8IgZ_&_nc_oc=AdoWyyY0MOEOMCAJVY-qd2jzE51adrBC3Yi7e34QhWhR6Rs1PDCiYy1CXtxGUQK1kZk&_nc_zt=23&_nc_ht=scontent-ams2-1.xx&_nc_gid=uLTyAurSWAzvDl36nwC4NA&_nc_ss=782a8&oh=00_AQFa3IvafzlmiwSQS9RQw98ksmiX5SmxKqjc1FQtLDh4Yg&oe=6A9C00B7","199296675_324600259371765_7336680765124974137_n.jpg","No photo description available."
"252","324600226038435","stutes-facebook-252-324600226038435.jpg","720","960","https://www.facebook.com/photo.php?fbid=324600226038435&set=pb.100064619866357.-2207520000&type=3","https://scontent-ams2-1.xx.fbcdn.net/v/t1.6435-9/198686509_324600229371768_2719315159996377874_n.jpg?stp=dst-jpg_tt6&cstp=mx720x960&ctp=s720x960&_nc_cat=101&ccb=1-7&_nc_sid=833d8c&_nc_ohc=HKsUVyrJnFcQ7kNvwFbCWfz&_nc_oc=AdrOcNYLWC3np4xjExy31gkdmjOQq_TiWUqeCDfJHtTZbi9jhCa6G0smPTu_COa6vv4&_nc_zt=23&_nc_ht=scontent-ams2-1.xx&_nc_gid=37WVCED30GA2Mv1Dn_00ig&_nc_ss=782a8&oh=00_AQGl5LkRTulGdX7rlrMrWsPW-fc2QGpba8O6VW3v571-6w&oe=6A9BE970","198686509_324600229371768_2719315159996377874_n.jpg","No photo description available."
"253","324600206038437","stutes-facebook-253-324600206038437.jpg","720","960","https://www.facebook.com/photo.php?fbid=324600206038437&set=pb.100064619866357.-2207520000&type=3","https://scontent-ams2-1.xx.fbcdn.net/v/t1.6435-9/199828921_324600209371770_1867372574025977583_n.jpg?stp=dst-jpg_tt6&cstp=mx720x960&ctp=s720x960&_nc_cat=106&ccb=1-7&_nc_sid=833d8c&_nc_ohc=5nAiQCCpERcQ7kNvwGFfM39&_nc_oc=AdpzO6G7TxbV3rEIQgR_Pn41TKK59E3XygpeocGmPB6UXSS2vCjYX1lAf9NZUBqvPmA&_nc_zt=23&_nc_ht=scontent-ams2-1.xx&_nc_gid=xFxcylHD9gBu6m1YbBOA7g&_nc_ss=782a8&oh=00_AQG3e8GsoaHsD5RTj6pneFlb-vZGXxjeA3VKfrNqrCM51Q&oe=6A9BF5DF","199828921_324600209371770_1867372574025977583_n.jpg","No photo description available."
"254","324600182705106","stutes-facebook-254-324600182705106.jpg","720","960","https://www.facebook.com/photo.php?fbid=324600182705106&set=pb.100064619866357.-2207520000&type=3","https://scontent-ams2-1.xx.fbcdn.net/v/t1.6435-9/199828921_324600209371770_1867372574025977583_n.jpg?stp=dst-jpg_tt6&cstp=mx720x960&ctp=s720x960&_nc_cat=106&ccb=1-7&_nc_sid=833d8c&_nc_ohc=5nAiQCCpERcQ7kNvwGFfM39&_nc_oc=AdpzO6G7TxbV3rEIQgR_Pn41TKK59E3XygpeocGmPB6UXSS2vCjYX1lAf9NZUBqvPmA&_nc_zt=23&_nc_ht=scontent-ams2-1.xx&_nc_gid=xFxcylHD9gBu6m1YbBOA7g&_nc_ss=782a8&oh=00_AQG3e8GsoaHsD5RTj6pneFlb-vZGXxjeA3VKfrNqrCM51Q&oe=6A9BF5DF","199828921_324600209371770_1867372574025977583_n.jpg","No photo description available."
"255","324600159371775","stutes-facebook-255-324600159371775.jpg","720","960","https://www.facebook.com/photo.php?fbid=324600159371775&set=pb.100064619866357.-2207520000&type=3","https://scontent-ams2-1.xx.fbcdn.net/v/t1.6435-9/197911832_324600186038439_7659269159353584001_n.jpg?stp=dst-jpg_tt6&cstp=mx720x960&ctp=s720x960&_nc_cat=111&ccb=1-7&_nc_sid=833d8c&_nc_ohc=3_9AEudUr-cQ7kNvwF8t9Dt&_nc_oc=AdojbI3jIz70DtJ6wO-atuuR26rOlK9Rf3ark7MfFpm4TwHv8UGIwNJklOnQwDaQv4E&_nc_zt=23&_nc_ht=scontent-ams2-1.xx&_nc_gid=NwT_ytTsgFe0sI8CGL6ijg&_nc_ss=782a8&oh=00_AQFSw2OYMqQ71_AzBwd5c0yRcdLqmlqUrJSAOwZto6dEnA&oe=6A9BFB13","197911832_324600186038439_7659269159353584001_n.jpg","No photo description available."
"256","324600112705113","stutes-facebook-256-324600112705113.jpg","720","960","https://www.facebook.com/photo.php?fbid=324600112705113&set=pb.100064619866357.-2207520000&type=3","https://scontent-ams2-1.xx.fbcdn.net/v/t1.6435-9/198684832_324600162705108_2280860246960529314_n.jpg?stp=dst-jpg_tt6&cstp=mx720x960&ctp=s720x960&_nc_cat=110&ccb=1-7&_nc_sid=833d8c&_nc_ohc=yTO2Nqq8_kgQ7kNvwEIf5bX&_nc_oc=AdrWXVs07hA7JMBsnzHJJK0FFMoewDBpGgCX4_4GyOKRQaslfNeY1jAqa-Zb6mNsxtA&_nc_zt=23&_nc_ht=scontent-ams2-1.xx&_nc_gid=uln8G6Qs6R2v7lNv5MbiaA&_nc_ss=782a8&oh=00_AQG0kJ9c91DAs0Sl5ATdqy5Ei6k3qAcAeznyq-yu3ABnng&oe=6A9C088C","198684832_324600162705108_2280860246960529314_n.jpg","No photo description available."
"257","324600106038447","stutes-facebook-257-324600106038447.jpg","720","960","https://www.facebook.com/photo.php?fbid=324600106038447&set=pb.100064619866357.-2207520000&type=3","https://scontent-ams2-1.xx.fbcdn.net/v/t1.6435-9/200078138_324600119371779_6098752502477198169_n.jpg?stp=dst-jpg_tt6&cstp=mx720x960&ctp=s720x960&_nc_cat=108&ccb=1-7&_nc_sid=833d8c&_nc_ohc=p3XPEFHZiuYQ7kNvwFbCP25&_nc_oc=AdrpMnaZG8_1-m3GL4-OCydzw1Ku4W4clJ1VuY3F8wxTdmlWVsk6O22Odg3KCD3pOdg&_nc_zt=23&_nc_ht=scontent-ams2-1.xx&_nc_gid=1iRbDApm-sHhSZ6e4QbU3Q&_nc_ss=782a8&oh=00_AQEHYiTzFSWXi_Y8zAEmbDvetkU71J6YJxQugITBIaQqCA&oe=6A9BEC8F","200078138_324600119371779_6098752502477198169_n.jpg","No photo description available."
"258","324600096038448","stutes-facebook-258-324600096038448.jpg","720","960","https://www.facebook.com/photo.php?fbid=324600096038448&set=pb.100064619866357.-2207520000&type=3","https://scontent-ams2-1.xx.fbcdn.net/v/t1.6435-9/197059590_324600116038446_2394020133445129327_n.jpg?stp=dst-jpg_tt6&cstp=mx720x960&ctp=s720x960&_nc_cat=106&ccb=1-7&_nc_sid=833d8c&_nc_ohc=ACqCfixcurYQ7kNvwFmrSjK&_nc_oc=Adri607l-IVby1TqqOS3vL1ZqU1955mmu6pYdCyt-tD4F-Q7yVT73sH389o-3JD8Zyc&_nc_zt=23&_nc_ht=scontent-ams2-1.xx&_nc_gid=sIAxjvbkiH-NSqp7J8l9gQ&_nc_ss=782a8&oh=00_AQEHTqyvSn1VjuataTP2px-fgO6iT3KanBl_4pCd6Xu-kQ&oe=6A9BF29F","197059590_324600116038446_2394020133445129327_n.jpg","No photo description available."
"259","324600072705117","stutes-facebook-259-324600072705117.jpg","720","960","https://www.facebook.com/photo.php?fbid=324600072705117&set=pb.100064619866357.-2207520000&type=3","https://scontent-ams2-1.xx.fbcdn.net/v/t1.6435-9/197790606_324600076038450_5521335992626151899_n.jpg?stp=dst-jpg_tt6&cstp=mx720x960&ctp=s720x960&_nc_cat=102&ccb=1-7&_nc_sid=833d8c&_nc_ohc=B-qOibj3_OQQ7kNvwETt_D-&_nc_oc=AdpaNXLn7qjApgL1fxchrbqN1qrm6CJuxlG5E4xvwWi3XHCxDW0HYcZ3QymYawA2xIw&_nc_zt=23&_nc_ht=scontent-ams2-1.xx&_nc_gid=wGAq1nSHV-5NsfB7Zurpeg&_nc_ss=782a8&oh=00_AQEqA632l4w8eRp4BizM83Wz3UumKRQL6XX69h2I8Ws-Kw&oe=6A9C0818","197790606_324600076038450_5521335992626151899_n.jpg","No photo description available."
"260","324600042705120","stutes-facebook-260-324600042705120.jpg","720","960","https://www.facebook.com/photo.php?fbid=324600042705120&set=pb.100064619866357.-2207520000&type=3","https://scontent-ams2-1.xx.fbcdn.net/v/t1.6435-9/198917154_324600046038453_1851258636399570535_n.jpg?stp=dst-jpg_tt6&cstp=mx720x960&ctp=s720x960&_nc_cat=110&ccb=1-7&_nc_sid=833d8c&_nc_ohc=SWk7itxAHZ0Q7kNvwGKWmUX&_nc_oc=AdpFGRPCKV8OxNyam4CEtim3dD8ddP1ScoA8UCs4a7jUeLKAuYWvxNgnFzLpET4uqIU&_nc_zt=23&_nc_ht=scontent-ams2-1.xx&_nc_gid=hDXpLh22LmM7Frk67LE3AA&_nc_ss=782a8&oh=00_AQEUZnthaD7DVM-6gwtAJhVUWh2Ufqm5WLVx9nM8R4aYWA&oe=6A9C06C4","198917154_324600046038453_1851258636399570535_n.jpg","No photo description available."
"261","324599986038459","stutes-facebook-261-324599986038459.jpg","720","960","https://www.facebook.com/photo.php?fbid=324599986038459&set=pb.100064619866357.-2207520000&type=3","https://scontent-ams2-1.xx.fbcdn.net/v/t1.6435-9/197797738_324599989371792_141814804791070619_n.jpg?stp=dst-jpg_tt6&cstp=mx720x960&ctp=s720x960&_nc_cat=101&ccb=1-7&_nc_sid=833d8c&_nc_ohc=rOXeilr88mkQ7kNvwHMVbCM&_nc_oc=AdqzWyZyr2TiwV2of28TJ3YRDgoXahvr0zPcYEh8k_Kf9JikdQSD6m3Gl40lKpzznDU&_nc_zt=23&_nc_ht=scontent-ams2-1.xx&_nc_gid=VIYFztLw0YMqcdgxyGGKTQ&_nc_ss=7e2a8&oh=00_AQHeQWpkcFWMuo3U3xRLc4JHaT41w6ofOkKCOkO_ch2fDw&oe=6A9C013A","197797738_324599989371792_141814804791070619_n.jpg","No photo description available."
"262","324599922705132","stutes-facebook-262-324599922705132.jpg","720","960","https://www.facebook.com/photo.php?fbid=324599922705132&set=pb.100064619866357.-2207520000&type=3","https://scontent-ams2-1.xx.fbcdn.net/v/t1.6435-9/199371840_324599926038465_6163775208193683909_n.jpg?stp=dst-jpg_tt6&cstp=mx720x960&ctp=s720x960&_nc_cat=104&ccb=1-7&_nc_sid=833d8c&_nc_ohc=yTelEG1Fq1wQ7kNvwFBLeOy&_nc_oc=AdppzExLLXCpkMo_9fZDjVFZ23PtvJn-38hHtInayTaUWK2gf4PjP0pyBozwzwfClzk&_nc_zt=23&_nc_ht=scontent-ams2-1.xx&_nc_gid=s7f_PnWVmUKRcGl3WEzVGQ&_nc_ss=7e2a8&oh=00_AQFDGkQGXTsUAC3HPM2iMJcrxy6lLW0zOLQtQtcdp_Yskw&oe=6A9BF690","199371840_324599926038465_6163775208193683909_n.jpg","No photo description available."
"263","324599902705134","stutes-facebook-263-324599902705134.jpg","720","960","https://www.facebook.com/photo.php?fbid=324599902705134&set=pb.100064619866357.-2207520000&type=3","https://scontent-ams2-1.xx.fbcdn.net/v/t1.6435-9/199371840_324599926038465_6163775208193683909_n.jpg?stp=dst-jpg_tt6&cstp=mx720x960&ctp=s720x960&_nc_cat=104&ccb=1-7&_nc_sid=833d8c&_nc_ohc=yTelEG1Fq1wQ7kNvwFBLeOy&_nc_oc=AdppzExLLXCpkMo_9fZDjVFZ23PtvJn-38hHtInayTaUWK2gf4PjP0pyBozwzwfClzk&_nc_zt=23&_nc_ht=scontent-ams2-1.xx&_nc_gid=s7f_PnWVmUKRcGl3WEzVGQ&_nc_ss=7e2a8&oh=00_AQFDGkQGXTsUAC3HPM2iMJcrxy6lLW0zOLQtQtcdp_Yskw&oe=6A9BF690","199371840_324599926038465_6163775208193683909_n.jpg","No photo description available."
"264","324599889371802","stutes-facebook-264-324599889371802.jpg","720","960","https://www.facebook.com/photo.php?fbid=324599889371802&set=pb.100064619866357.-2207520000&type=3","https://scontent-ams2-1.xx.fbcdn.net/v/t1.6435-9/197100795_324599892705135_284720417069701098_n.jpg?stp=dst-jpg_tt6&cstp=mx720x960&ctp=s720x960&_nc_cat=104&ccb=1-7&_nc_sid=833d8c&_nc_ohc=U9_E6i8rtscQ7kNvwHYIvxz&_nc_oc=Ado1U2yJOU-nNNeNRLK5Kw6padCB17HCmAKkV9AXUAFuHBSbQFlvkCT_lW1bIcUs1YQ&_nc_zt=23&_nc_ht=scontent-ams2-1.xx&_nc_gid=LHFGNxgNv9Q4jGreWeAY5Q&_nc_ss=7e2a8&oh=00_AQFm7r5F5HjfD3OtFiNtrgWm7CdjFynBkrhUJfW1fynThA&oe=6A9BF5FE","197100795_324599892705135_284720417069701098_n.jpg","No photo description available."
"265","324599839371807","stutes-facebook-265-324599839371807.jpg","720","960","https://www.facebook.com/photo.php?fbid=324599839371807&set=pb.100064619866357.-2207520000&type=3","https://scontent-ams2-1.xx.fbcdn.net/v/t1.6435-9/198211447_324599842705140_5819585837723769571_n.jpg?stp=dst-jpg_tt6&cstp=mx720x960&ctp=s720x960&_nc_cat=101&ccb=1-7&_nc_sid=833d8c&_nc_ohc=tFzUuyALUsgQ7kNvwHO7Bdj&_nc_oc=AdphU_ETCN7cz0A6glMKnwRkoYI46Wy6tmq74CwCsUHZhYfZOt3RDDkV5irHZUPv0OE&_nc_zt=23&_nc_ht=scontent-ams2-1.xx&_nc_gid=92QkkKOtFQjDuXE_AuO9DA&_nc_ss=782a8&oh=00_AQEs8M-KadVoOmT5zxDIRWlw0wMoLVyZ5UN1QuEo9lXuQQ&oe=6A9C1184","198211447_324599842705140_5819585837723769571_n.jpg","No photo description available."
"266","324599819371809","stutes-facebook-266-324599819371809.jpg","720","960","https://www.facebook.com/photo.php?fbid=324599819371809&set=pb.100064619866357.-2207520000&type=3","https://scontent-ams2-1.xx.fbcdn.net/v/t1.6435-9/198211447_324599842705140_5819585837723769571_n.jpg?stp=dst-jpg_tt6&cstp=mx720x960&ctp=s720x960&_nc_cat=101&ccb=1-7&_nc_sid=833d8c&_nc_ohc=tFzUuyALUsgQ7kNvwHO7Bdj&_nc_oc=AdphU_ETCN7cz0A6glMKnwRkoYI46Wy6tmq74CwCsUHZhYfZOt3RDDkV5irHZUPv0OE&_nc_zt=23&_nc_ht=scontent-ams2-1.xx&_nc_gid=92QkkKOtFQjDuXE_AuO9DA&_nc_ss=782a8&oh=00_AQEs8M-KadVoOmT5zxDIRWlw0wMoLVyZ5UN1QuEo9lXuQQ&oe=6A9C1184","198211447_324599842705140_5819585837723769571_n.jpg","No photo description available."
"267","324599782705146","stutes-facebook-267-324599782705146.jpg","872","960","https://www.facebook.com/photo.php?fbid=324599782705146&set=pb.100064619866357.-2207520000&type=3","https://scontent-ams2-1.xx.fbcdn.net/v/t1.6435-9/197937294_324599789371812_8581835482494415600_n.jpg?stp=dst-jpg_tt6&cstp=mx872x960&ctp=s872x960&_nc_cat=101&ccb=1-7&_nc_sid=833d8c&_nc_ohc=lvISLCZzi0kQ7kNvwG26pMz&_nc_oc=AdrDAUdYL3Qfhzham20UWbPo-78PSpkdu5tqTfgnzQp-POKDBFhn21omHwkKV6s7208&_nc_zt=23&_nc_ht=scontent-ams2-1.xx&_nc_gid=gkdgNQd9AACbEt1k5jVc2w&_nc_ss=7e2a8&oh=00_AQEVmcejkONd0mo7oY84gndF-oGsGBRJUfR0rZcO3aBDWA&oe=6A9C1858","197937294_324599789371812_8581835482494415600_n.jpg","No photo description available."
"268","324599772705147","stutes-facebook-268-324599772705147.jpg","872","960","https://www.facebook.com/photo.php?fbid=324599772705147&set=pb.100064619866357.-2207520000&type=3","https://scontent-ams2-1.xx.fbcdn.net/v/t1.6435-9/197937294_324599789371812_8581835482494415600_n.jpg?stp=dst-jpg_tt6&cstp=mx872x960&ctp=s872x960&_nc_cat=101&ccb=1-7&_nc_sid=833d8c&_nc_ohc=lvISLCZzi0kQ7kNvwG26pMz&_nc_oc=AdrDAUdYL3Qfhzham20UWbPo-78PSpkdu5tqTfgnzQp-POKDBFhn21omHwkKV6s7208&_nc_zt=23&_nc_ht=scontent-ams2-1.xx&_nc_gid=gkdgNQd9AACbEt1k5jVc2w&_nc_ss=7e2a8&oh=00_AQEVmcejkONd0mo7oY84gndF-oGsGBRJUfR0rZcO3aBDWA&oe=6A9C1858","197937294_324599789371812_8581835482494415600_n.jpg","No photo description available."
"269","324594132705711","stutes-facebook-269-324594132705711.jpg","960","856","https://www.facebook.com/photo.php?fbid=324594132705711&set=pb.100064619866357.-2207520000&type=3","https://scontent-ams2-1.xx.fbcdn.net/v/t1.6435-9/192976127_324599779371813_7964319886678884204_n.jpg?stp=dst-jpg_tt6&cstp=mx960x856&ctp=s960x856&_nc_cat=105&ccb=1-7&_nc_sid=833d8c&_nc_ohc=3L7MtsMfIDIQ7kNvwGOrz4r&_nc_oc=AdqK-1B3Ptp5eZDdQJ6wXe8CxxXnXp747LCTfZx3VitHf8S3crBNwL2spn5_i75Gygc&_nc_zt=23&_nc_ht=scontent-ams2-1.xx&_nc_gid=dLrKkMTk3oCumTmd6d9hPQ&_nc_ss=782a8&oh=00_AQGVzo2yLRrr63zRKntPccM4iBL6oIGMHp4-4X3KT7wnnA&oe=6A9C140F","192976127_324599779371813_7964319886678884204_n.jpg","No photo description available."
"270","324531422711982","stutes-facebook-270-324531422711982.jpg","1364","2048","https://www.facebook.com/photo.php?fbid=324531422711982&set=pb.100064619866357.-2207520000&type=3","https://scontent-ams2-1.xx.fbcdn.net/v/t1.6435-9/119645199_133634581801668_8869438911108052800_n.jpg?stp=dst-jpg_tt6&cstp=mx1364x2048&ctp=s1364x2048&_nc_cat=111&ccb=1-7&_nc_sid=cc71e4&_nc_ohc=3PEPCE0Ijr0Q7kNvwFISOSx&_nc_oc=Adpj0vnVnyfu9ifkXLs58scUPRx4H4-8EeoLYFgqMayu_AZdr3FFJ9xNpCoGjAf4ADw&_nc_zt=23&_nc_ht=scontent-ams2-1.xx&_nc_gid=aq-MG3OlCwHOjJLjzqSB3w&_nc_ss=782a8&oh=00_AQGPSOq0xqJAFY4KNlFc7uL3owE3fU3L96sT-RMvdK7kbQ&oe=6A9BF471","119645199_133634581801668_8869438911108052800_n.jpg","No photo description available."
"271","324531416045316","stutes-facebook-271-324531416045316.jpg","720","960","https://www.facebook.com/photo.php?fbid=324531416045316&set=pb.100064619866357.-2207520000&type=3","https://scontent-ams2-1.xx.fbcdn.net/v/t1.6435-9/197776625_324531426045315_4070473839492339711_n.jpg?stp=dst-jpg_tt6&cstp=mx720x960&ctp=s720x960&_nc_cat=100&ccb=1-7&_nc_sid=833d8c&_nc_ohc=CgV2uPpmt3wQ7kNvwHAcvbl&_nc_oc=AdrEQEJS-G1ngHL9nNRAmXpomaO1YlGtuHJhISJuhfEHbi1mgpf_4TX2CpamasBwlIw&_nc_zt=23&_nc_ht=scontent-ams2-1.xx&_nc_gid=A-7DLKKf8m-0XOJ5aL6hAg&_nc_ss=782a8&oh=00_AQHEfo51gtGxnFifk3XScUIFYMPWsIOs_hFt-j5ZVT6yQw&oe=6A9BF1AB","197776625_324531426045315_4070473839492339711_n.jpg","No photo description available."
"272","324531392711985","stutes-facebook-272-324531392711985.jpg","720","960","https://www.facebook.com/photo.php?fbid=324531392711985&set=pb.100064619866357.-2207520000&type=3","https://scontent-ams2-1.xx.fbcdn.net/v/t1.6435-9/199018191_324531419378649_7088147660113839197_n.jpg?stp=dst-jpg_tt6&cstp=mx720x960&ctp=s720x960&_nc_cat=102&ccb=1-7&_nc_sid=833d8c&_nc_ohc=_fZRj92ffWIQ7kNvwGM3ZL9&_nc_oc=AdrDGPoaq7gBCe1zneUTzUQra-6Xj-DMq7wWUFvmpWeaApCUnuEt_EsrIBmTmv6W550&_nc_zt=23&_nc_ht=scontent-ams2-1.xx&_nc_gid=hfAcs2YcXoNwC8rxq7Yh4g&_nc_ss=782a8&oh=00_AQE3hdSu894yeGFXy9ixwboSdG8l6WvKugpLsqishc0CRQ&oe=6A9BFE09","199018191_324531419378649_7088147660113839197_n.jpg","No photo description available."
"273","324531349378656","stutes-facebook-273-324531349378656.jpg","720","960","https://www.facebook.com/photo.php?fbid=324531349378656&set=pb.100064619866357.-2207520000&type=3","https://scontent-ams2-1.xx.fbcdn.net/v/t1.6435-9/198951049_324531396045318_8417987635160821017_n.jpg?stp=dst-jpg_tt6&cstp=mx720x960&ctp=s720x960&_nc_cat=101&ccb=1-7&_nc_sid=833d8c&_nc_ohc=VT-T_dkFAKEQ7kNvwHZp6Dw&_nc_oc=AdrPH2rTaSSFkwSkLSQ8feLA_7O6NH24sCldA2rw3vyByDVnLMUpiLiq_wIdqPRa8Bw&_nc_zt=23&_nc_ht=scontent-ams2-1.xx&_nc_gid=8K2gMn7ymkqgh_EnPejkPA&_nc_ss=782a8&oh=00_AQE-lVKvzRS_PUu9V6jopJmPa6GMNHb2T2ZHirA6DvBc7g&oe=6A9BE79E","198951049_324531396045318_8417987635160821017_n.jpg","No photo description available."
"274","324531342711990","stutes-facebook-274-324531342711990.jpg","606","960","https://www.facebook.com/photo.php?fbid=324531342711990&set=pb.100064619866357.-2207520000&type=3","https://scontent-ams2-1.xx.fbcdn.net/v/t1.6435-9/198715683_324531352711989_6132237012110991218_n.jpg?stp=dst-jpg_tt6&cstp=mx606x960&ctp=s606x960&_nc_cat=107&ccb=1-7&_nc_sid=833d8c&_nc_ohc=RM_vZi6lybUQ7kNvwHOSmLr&_nc_oc=AdrlTzUDZxPkG6KCZ6y8nFOowPq9w-bOEBv-NGXPTaIQsGAJBQ_0P41HgaBKoWSd-2c&_nc_zt=23&_nc_ht=scontent-ams2-1.xx&_nc_gid=FED8fiF7jN6IgBTu0ILBmg&_nc_ss=782a8&oh=00_AQEjbJH59TCGtJcn96RFJJd_ZAgGOFxfwb2zxvPBOO9Wig&oe=6A9BE778","198715683_324531352711989_6132237012110991218_n.jpg","No photo description available."
"275","324531339378657","stutes-facebook-275-324531339378657.jpg","606","960","https://www.facebook.com/photo.php?fbid=324531339378657&set=pb.100064619866357.-2207520000&type=3","https://scontent-ams2-1.xx.fbcdn.net/v/t1.6435-9/198715683_324531352711989_6132237012110991218_n.jpg?stp=dst-jpg_tt6&cstp=mx606x960&ctp=s606x960&_nc_cat=107&ccb=1-7&_nc_sid=833d8c&_nc_ohc=RM_vZi6lybUQ7kNvwHOSmLr&_nc_oc=AdrlTzUDZxPkG6KCZ6y8nFOowPq9w-bOEBv-NGXPTaIQsGAJBQ_0P41HgaBKoWSd-2c&_nc_zt=23&_nc_ht=scontent-ams2-1.xx&_nc_gid=FED8fiF7jN6IgBTu0ILBmg&_nc_ss=782a8&oh=00_AQEjbJH59TCGtJcn96RFJJd_ZAgGOFxfwb2zxvPBOO9Wig&oe=6A9BE778","198715683_324531352711989_6132237012110991218_n.jpg","No photo description available."
"276","324531316045326","stutes-facebook-276-324531316045326.jpg","720","960","https://www.facebook.com/photo.php?fbid=324531316045326&set=pb.100064619866357.-2207520000&type=3","https://scontent-ams2-1.xx.fbcdn.net/v/t1.6435-9/198038329_324531319378659_1384471795983459947_n.jpg?stp=dst-jpg_tt6&cstp=mx720x960&ctp=s720x960&_nc_cat=104&ccb=1-7&_nc_sid=833d8c&_nc_ohc=PPwpUC4QeRYQ7kNvwFMLQQN&_nc_oc=AdrKObCeUGT8tohMlGT9LEm8zZN9b1E46QVA47pPGVjZiTk8fw_AmwltJEmCJbNk0MY&_nc_zt=23&_nc_ht=scontent-ams2-1.xx&_nc_gid=j_WObT6Sq6MQFC0Ujmhq6A&_nc_ss=782a8&oh=00_AQGMx106u9I-I0GlHWWjbabMv0pcfavlOwoesZLarRQu7g&oe=6A9C1BDF","198038329_324531319378659_1384471795983459947_n.jpg","No photo description available."
"277","324531252711999","stutes-facebook-277-324531252711999.jpg","720","960","https://www.facebook.com/photo.php?fbid=324531252711999&set=pb.100064619866357.-2207520000&type=3","https://scontent-ams2-1.xx.fbcdn.net/v/t1.6435-9/198038329_324531319378659_1384471795983459947_n.jpg?stp=dst-jpg_tt6&cstp=mx720x960&ctp=s720x960&_nc_cat=104&ccb=1-7&_nc_sid=833d8c&_nc_ohc=PPwpUC4QeRYQ7kNvwFMLQQN&_nc_oc=AdrKObCeUGT8tohMlGT9LEm8zZN9b1E46QVA47pPGVjZiTk8fw_AmwltJEmCJbNk0MY&_nc_zt=23&_nc_ht=scontent-ams2-1.xx&_nc_gid=j_WObT6Sq6MQFC0Ujmhq6A&_nc_ss=782a8&oh=00_AQGMx106u9I-I0GlHWWjbabMv0pcfavlOwoesZLarRQu7g&oe=6A9C1BDF","198038329_324531319378659_1384471795983459947_n.jpg","No photo description available."
"278","324531229378668","stutes-facebook-278-324531229378668.jpg","720","960","https://www.facebook.com/photo.php?fbid=324531229378668&set=pb.100064619866357.-2207520000&type=3","https://scontent-ams2-1.xx.fbcdn.net/v/t1.6435-9/199768224_324531232712001_4344607689230445475_n.jpg?stp=dst-jpg_tt6&cstp=mx720x960&ctp=s720x960&_nc_cat=108&ccb=1-7&_nc_sid=833d8c&_nc_ohc=XR6knnmeu8IQ7kNvwEGxWq_&_nc_oc=AdpXtO9-h9zY2GQ8HFiw0COc2QQVuLbIs99PrfXTB7qO5MAN7BpyGHv9goewn-xn7rc&_nc_zt=23&_nc_ht=scontent-ams2-1.xx&_nc_gid=xSZKYQyepv5xXg9ClZhw9g&_nc_ss=782a8&oh=00_AQETK7qdWLLyPexaKeWwfXWGsf4a9G-FBLoqcRsLk0Bi0Q&oe=6A9C11FF","199768224_324531232712001_4344607689230445475_n.jpg","No photo description available."
"279","324531236045334","stutes-facebook-279-324531236045334.jpg","720","960","https://www.facebook.com/photo.php?fbid=324531236045334&set=pb.100064619866357.-2207520000&type=3","https://scontent-ams2-1.xx.fbcdn.net/v/t1.6435-9/199768224_324531232712001_4344607689230445475_n.jpg?stp=dst-jpg_tt6&cstp=mx720x960&ctp=s720x960&_nc_cat=108&ccb=1-7&_nc_sid=833d8c&_nc_ohc=XR6knnmeu8IQ7kNvwEGxWq_&_nc_oc=AdpXtO9-h9zY2GQ8HFiw0COc2QQVuLbIs99PrfXTB7qO5MAN7BpyGHv9goewn-xn7rc&_nc_zt=23&_nc_ht=scontent-ams2-1.xx&_nc_gid=xSZKYQyepv5xXg9ClZhw9g&_nc_ss=782a8&oh=00_AQETK7qdWLLyPexaKeWwfXWGsf4a9G-FBLoqcRsLk0Bi0Q&oe=6A9C11FF","199768224_324531232712001_4344607689230445475_n.jpg","No photo description available."
"280","324531212712003","stutes-facebook-280-324531212712003.jpg","720","960","https://www.facebook.com/photo.php?fbid=324531212712003&set=pb.100064619866357.-2207520000&type=3","https://scontent-ams2-1.xx.fbcdn.net/v/t1.6435-9/199162592_324531239378667_1079709529856944461_n.jpg?stp=dst-jpg_tt6&cstp=mx720x960&ctp=s720x960&_nc_cat=104&ccb=1-7&_nc_sid=833d8c&_nc_ohc=6PHRKtvbjQIQ7kNvwGx8l9B&_nc_oc=AdoKqM6id-BkckQiIKQDXZ6Ik6Ph-u-uzoQd2tIHwmXM9UFIWNLUvJiXRwwTuPjvSuU&_nc_zt=23&_nc_ht=scontent-ams2-1.xx&_nc_gid=XfMYGz2Oe9WDBPM8-ISCPA&_nc_ss=782a8&oh=00_AQFKKHCfCZGplm1HnvZy2e97znd-4iBgIC3Jz-hQJB_qMw&oe=6A9C1173","199162592_324531239378667_1079709529856944461_n.jpg","No photo description available."
"281","324531166045341","stutes-facebook-281-324531166045341.jpg","720","960","https://www.facebook.com/photo.php?fbid=324531166045341&set=pb.100064619866357.-2207520000&type=3","https://scontent-ams2-1.xx.fbcdn.net/v/t1.6435-9/199835977_324531216045336_4871953577849583508_n.jpg?stp=dst-jpg_tt6&cstp=mx720x960&ctp=s720x960&_nc_cat=107&ccb=1-7&_nc_sid=833d8c&_nc_ohc=s_KOGUvVPyoQ7kNvwGmbzS9&_nc_oc=AdqtjGLW8a2gueQNV6gGB7zwKkElP_dTeW_HwF7eoXNt2XqDsfOte58BA8JertVoE9M&_nc_zt=23&_nc_ht=scontent-ams2-1.xx&_nc_gid=98uMuCvVrP3Hsp7PpvB41g&_nc_ss=782a8&oh=00_AQG3QGY6UXQsP0y7Z5S9gZKFhGVwgNTf6jnMj-8YC-lRVQ&oe=6A9BF791","199835977_324531216045336_4871953577849583508_n.jpg","No photo description available."
"282","324531149378676","stutes-facebook-282-324531149378676.jpg","720","960","https://www.facebook.com/photo.php?fbid=324531149378676&set=pb.100064619866357.-2207520000&type=3","https://scontent-ams2-1.xx.fbcdn.net/v/t1.6435-9/198540393_324531169378674_4691439696540467497_n.jpg?stp=dst-jpg_tt6&cstp=mx720x960&ctp=s720x960&_nc_cat=101&ccb=1-7&_nc_sid=833d8c&_nc_ohc=nmA949KOC2kQ7kNvwFe6Ho2&_nc_oc=Ado6jBcdoBdDU6GVBj0Wp4147YbumiiANobvhD7B3uIfOZVpBhR58Grv6zF4urlxuS8&_nc_zt=23&_nc_ht=scontent-ams2-1.xx&_nc_gid=QOxIHJEUj0Cl-UqRgJNWUg&_nc_ss=782a8&oh=00_AQEX03fzmR1TAWf-CpX_ORBieUIlwXM84Mg5WNuoawbzkg&oe=6A9BF18B","198540393_324531169378674_4691439696540467497_n.jpg","No photo description available."
"283","324531119378679","stutes-facebook-283-324531119378679.jpg","960","952","https://www.facebook.com/photo.php?fbid=324531119378679&set=pb.100064619866357.-2207520000&type=3","https://scontent-ams2-1.xx.fbcdn.net/v/t1.6435-9/198238568_324531122712012_2817980480696826723_n.jpg?stp=dst-jpg_tt6&cstp=mx960x952&ctp=s960x952&_nc_cat=104&ccb=1-7&_nc_sid=833d8c&_nc_ohc=X0AStv-TMWkQ7kNvwGK6JZ-&_nc_oc=AdoFf3dLSz2HxZmwdx2NyeEejz-Nz5FrcPkwhliW0a0QWIj4VMS3FGpjctJX4Vec5l4&_nc_zt=23&_nc_ht=scontent-ams2-1.xx&_nc_gid=xsm1Ta4CKaOfnGrIKI5e0g&_nc_ss=782a8&oh=00_AQESZAzMkCrTDe7b2GU4m6ccxpQOl1jiJfnd6tkQoXMv_g&oe=6A9BF75B","198238568_324531122712012_2817980480696826723_n.jpg","No photo description available."
"284","324528449378946","stutes-facebook-284-324528449378946.jpg","958","960","https://www.facebook.com/photo.php?fbid=324528449378946&set=pb.100064619866357.-2207520000&type=3","https://scontent-ams2-1.xx.fbcdn.net/v/t1.6435-9/199213207_324528452712279_2991452814081424588_n.jpg?stp=dst-jpg_tt6&cstp=mx958x960&ctp=s958x960&_nc_cat=102&ccb=1-7&_nc_sid=6ee11a&_nc_ohc=Pt7cVRIth6IQ7kNvwH1h6HT&_nc_oc=AdrWK__ChFqlxjcd7lfbynzb6BdhAQG3suqkz_NTddS5mwYz6GremwEkquPbKnxm76U&_nc_zt=23&_nc_ht=scontent-ams2-1.xx&_nc_gid=HIJRdwcZIISxhxvPww_vPw&_nc_ss=7e2a8&oh=00_AQEiVYWoIv7-A4mBOCQfHbZEEjAsFIHsE2rIawTM017paQ&oe=6A9C14F5","199213207_324528452712279_2991452814081424588_n.jpg","No photo description available."
"285","314567310375060","stutes-facebook-285-314567310375060.jpg","958","960","https://www.facebook.com/photo.php?fbid=314567310375060&set=pb.100064619866357.-2207520000&type=3","https://scontent-ams2-1.xx.fbcdn.net/v/t1.6435-9/199213207_324528452712279_2991452814081424588_n.jpg?stp=dst-jpg_tt6&cstp=mx958x960&ctp=s958x960&_nc_cat=102&ccb=1-7&_nc_sid=6ee11a&_nc_ohc=Pt7cVRIth6IQ7kNvwH1h6HT&_nc_oc=AdrWK__ChFqlxjcd7lfbynzb6BdhAQG3suqkz_NTddS5mwYz6GremwEkquPbKnxm76U&_nc_zt=23&_nc_ht=scontent-ams2-1.xx&_nc_gid=HIJRdwcZIISxhxvPww_vPw&_nc_ss=7e2a8&oh=00_AQEiVYWoIv7-A4mBOCQfHbZEEjAsFIHsE2rIawTM017paQ&oe=6A9C14F5","199213207_324528452712279_2991452814081424588_n.jpg","No photo description available."
"286","133634655134994","stutes-facebook-286-133634655134994.jpg","2048","1364","https://www.facebook.com/photo.php?fbid=133634655134994&set=pb.100064619866357.-2207520000&type=3","https://scontent-ams2-1.xx.fbcdn.net/v/t1.6435-9/119097777_133634658468327_7300806422143463433_n.jpg?stp=dst-jpg_tt6&cstp=mx2048x1364&ctp=s2048x1364&_nc_cat=111&ccb=1-7&_nc_sid=833d8c&_nc_ohc=Anup15NcTfAQ7kNvwHZVEP5&_nc_oc=Adrnro0o2l2n7A3lM6B33QedY6_z-VTd5cKuY-ZkSmlqUPxlvg8GJB-NY6fuDhn5hfg&_nc_zt=23&_nc_ht=scontent-ams2-1.xx&_nc_gid=TxCpnnRczurnn4NykSaRUw&_nc_ss=782a8&oh=00_AQEBTB8r0-J0h3vaSbdBG7bPaYz6kfFufOJFfvAo5vYReg&oe=6A9C0E2F","119097777_133634658468327_7300806422143463433_n.jpg","No photo description available."
"287","133634638468329","stutes-facebook-287-133634638468329.jpg","2048","1364","https://www.facebook.com/photo.php?fbid=133634638468329&set=pb.100064619866357.-2207520000&type=3","https://scontent-ams2-1.xx.fbcdn.net/v/t1.6435-9/119097777_133634658468327_7300806422143463433_n.jpg?stp=dst-jpg_tt6&cstp=mx2048x1364&ctp=s2048x1364&_nc_cat=111&ccb=1-7&_nc_sid=833d8c&_nc_ohc=Anup15NcTfAQ7kNvwHZVEP5&_nc_oc=Adrnro0o2l2n7A3lM6B33QedY6_z-VTd5cKuY-ZkSmlqUPxlvg8GJB-NY6fuDhn5hfg&_nc_zt=23&_nc_ht=scontent-ams2-1.xx&_nc_gid=TxCpnnRczurnn4NykSaRUw&_nc_ss=782a8&oh=00_AQEBTB8r0-J0h3vaSbdBG7bPaYz6kfFufOJFfvAo5vYReg&oe=6A9C0E2F","119097777_133634658468327_7300806422143463433_n.jpg","No photo description available."
"288","133634598468333","stutes-facebook-288-133634598468333.jpg","1364","2048","https://www.facebook.com/photo.php?fbid=133634598468333&set=pb.100064619866357.-2207520000&type=3","https://scontent-ams2-1.xx.fbcdn.net/v/t1.6435-9/119703144_133634641801662_5273836186255315496_n.jpg?stp=dst-jpg_tt6&cstp=mx1364x2048&ctp=s1364x2048&_nc_cat=106&ccb=1-7&_nc_sid=833d8c&_nc_ohc=HKQF5SjSng4Q7kNvwFLD5dT&_nc_oc=AdqDVaI01qUv3g-K1WF5AW5WU1GRv1oTDrmrMUDiknRGSmt6Ov-EETljPOvrII-ZxTc&_nc_zt=23&_nc_ht=scontent-ams2-1.xx&_nc_gid=Sqv76jFPlFy5bo7O9HnW2Q&_nc_ss=782a8&oh=00_AQEO70PsBQVz7T5qJyy0IPrPXQW1coVU6ORGpAOGobNCLQ&oe=6A9C1C21","119703144_133634641801662_5273836186255315496_n.jpg","No photo description available."
"289","133634548468338","stutes-facebook-289-133634548468338.jpg","2048","1364","https://www.facebook.com/photo.php?fbid=133634548468338&set=pb.100064619866357.-2207520000&type=3","https://scontent-ams2-1.xx.fbcdn.net/v/t1.6435-9/119684670_133634551801671_563127781798850555_n.jpg?stp=dst-jpg_tt6&cstp=mx2048x1364&ctp=s2048x1364&_nc_cat=110&ccb=1-7&_nc_sid=833d8c&_nc_ohc=Gf3NsORLbSQQ7kNvwHvdMYa&_nc_oc=Ado3aVhw-ikVx21xG3mGunNf7nHaIcO61TNX6d1po8ulaI3BGxeQh23L1SFrDgoScKU&_nc_zt=23&_nc_ht=scontent-ams2-1.xx&_nc_gid=D7xc-MuSyWtEXoTmIBLNLw&_nc_ss=7e2a8&oh=00_AQHE8nmGxrGaKehcc1Om6PkuQyu4WcKfzDQ92aQxmfpj6A&oe=6A9BF2A5","119684670_133634551801671_563127781798850555_n.jpg","No photo description available."
"290","133634525135007","stutes-facebook-290-133634525135007.jpg","1364","2048","https://www.facebook.com/photo.php?fbid=133634525135007&set=pb.100064619866357.-2207520000&type=3","https://scontent-ams2-1.xx.fbcdn.net/v/t1.6435-9/119802758_133634528468340_9096254855411479572_n.jpg?stp=dst-jpg_tt6&cstp=mx1364x2048&ctp=s1364x2048&_nc_cat=102&ccb=1-7&_nc_sid=833d8c&_nc_ohc=JrTJotzvfHkQ7kNvwFecjzw&_nc_oc=AdoDQdPNLdgb_5W_ZdAT3yFqqY-ou7rw6xAgcfm9k7CYPqWI5reoYjLrsiIRmypv47w&_nc_zt=23&_nc_ht=scontent-ams2-1.xx&_nc_gid=uCO0WC7SdL-KvI45QEUEmw&_nc_ss=782a8&oh=00_AQEtyo-h9usTp-yNaL6XHljOd5iIHpiJsSHAuPejSErflg&oe=6A9C06C2","119802758_133634528468340_9096254855411479572_n.jpg","No photo description available."
"291","133634495135010","stutes-facebook-291-133634495135010.jpg","1364","2048","https://www.facebook.com/photo.php?fbid=133634495135010&set=pb.100064619866357.-2207520000&type=3","https://scontent-ams2-1.xx.fbcdn.net/v/t1.6435-9/119582037_133634498468343_6193236726671952735_n.jpg?stp=dst-jpg_tt6&cstp=mx1364x2048&ctp=s1364x2048&_nc_cat=111&ccb=1-7&_nc_sid=833d8c&_nc_ohc=yLwTDzOUDiMQ7kNvwHcUsCU&_nc_oc=AdqpZit18x_dL-wcOHvbYOsivhmRIsIyOEO-g3xptA4R932eSPLR-GWAuJQQvT2VFxc&_nc_zt=23&_nc_ht=scontent-ams2-1.xx&_nc_gid=GO7jO0pfCBn0pQQIv4262Q&_nc_ss=782a8&oh=00_AQF1o80Lo8RwW8p1A8UZm-GaP5DZ72d3X4_4LFN18LD81g&oe=6A9C09D8","119582037_133634498468343_6193236726671952735_n.jpg","No photo description available."
"292","133634478468345","stutes-facebook-292-133634478468345.jpg","1364","2048","https://www.facebook.com/photo.php?fbid=133634478468345&set=pb.100064619866357.-2207520000&type=3","https://scontent-ams2-1.xx.fbcdn.net/v/t1.6435-9/119582037_133634498468343_6193236726671952735_n.jpg?stp=dst-jpg_tt6&cstp=mx1364x2048&ctp=s1364x2048&_nc_cat=111&ccb=1-7&_nc_sid=833d8c&_nc_ohc=yLwTDzOUDiMQ7kNvwHcUsCU&_nc_oc=AdqpZit18x_dL-wcOHvbYOsivhmRIsIyOEO-g3xptA4R932eSPLR-GWAuJQQvT2VFxc&_nc_zt=23&_nc_ht=scontent-ams2-1.xx&_nc_gid=GO7jO0pfCBn0pQQIv4262Q&_nc_ss=782a8&oh=00_AQF1o80Lo8RwW8p1A8UZm-GaP5DZ72d3X4_4LFN18LD81g&oe=6A9C09D8","119582037_133634498468343_6193236726671952735_n.jpg","No photo description available."
"293","133634451801681","stutes-facebook-293-133634451801681.jpg","2048","1364","https://www.facebook.com/photo.php?fbid=133634451801681&set=pb.100064619866357.-2207520000&type=3","https://scontent-ams2-1.xx.fbcdn.net/v/t1.6435-9/119587170_133634455135014_3840123482287624427_n.jpg?stp=dst-jpg_tt6&cstp=mx2048x1364&ctp=s2048x1364&_nc_cat=101&ccb=1-7&_nc_sid=833d8c&_nc_ohc=TCSAq_b5jXMQ7kNvwGPauVB&_nc_oc=Adr8YtXW-Fk4WSLbIcv4F8qKavBC9YPTbmCJ4nfm0McAnbtjUTHHYtKu89iq14a-J1o&_nc_zt=23&_nc_ht=scontent-ams2-1.xx&_nc_gid=pHFgfUh-aRl21m9KnqmBqQ&_nc_ss=782a8&oh=00_AQH4E0tEf9XvGHUN18B2P38l2LnI2256SO-OWEzF509DDQ&oe=6A9C143D","119587170_133634455135014_3840123482287624427_n.jpg","No photo description available."
"294","133634425135017","stutes-facebook-294-133634425135017.jpg","1364","2048","https://www.facebook.com/photo.php?fbid=133634425135017&set=pb.100064619866357.-2207520000&type=3","https://scontent-ams2-1.xx.fbcdn.net/v/t1.6435-9/119769506_133634428468350_6474256587370368371_n.jpg?stp=dst-jpg_tt6&cstp=mx1364x2048&ctp=s1364x2048&_nc_cat=104&ccb=1-7&_nc_sid=833d8c&_nc_ohc=PQnSRYfDQ2IQ7kNvwFDCUX5&_nc_oc=Adrvlb5z7cVPoYLhGsjBjtnKA8WQsc6_08DIDgWLQupvo5aaiEWL-9Hi0LQgClU6IB4&_nc_zt=23&_nc_ht=scontent-ams2-1.xx&_nc_gid=yr53cSnC8IosYBSQZUGcIQ&_nc_ss=782a8&oh=00_AQEKZS0CXavOJ9yEO_mqqCoVajLz51fdHEN_4Oe89eg_gQ&oe=6A9BF49B","119769506_133634428468350_6474256587370368371_n.jpg","No photo description available."
"295","113716140460179","stutes-facebook-295-113716140460179.jpg","1536","2048","https://www.facebook.com/photo.php?fbid=113716140460179&set=pb.100064619866357.-2207520000&type=3","https://scontent-ams2-1.xx.fbcdn.net/v/t1.6435-9/118282457_113716143793512_5143282887139979862_n.jpg?stp=dst-jpg_tt6&cstp=mx1536x2048&ctp=s1536x2048&_nc_cat=101&ccb=1-7&_nc_sid=833d8c&_nc_ohc=xC4TbRHhDtoQ7kNvwHhAOQw&_nc_oc=AdoWZgh85GIObC9Pg3xzjdgpn4DEoKTlHaYL3SPXabXIUi2L6b8jnFCNK_fpaU9oYcM&_nc_zt=23&_nc_ht=scontent-ams2-1.xx&_nc_gid=EHiQjyrhWbT7KTZQWR1NSA&_nc_ss=782a8&oh=00_AQE1Vdf1VhbiQrT10fJLZDQhzUoSG1LYRv39xX0eP2QobQ&oe=6A9BEDAF","118282457_113716143793512_5143282887139979862_n.jpg","No photo description available."
"296","113716097126850","stutes-facebook-296-113716097126850.jpg","1536","2048","https://www.facebook.com/photo.php?fbid=113716097126850&set=pb.100064619866357.-2207520000&type=3","https://scontent-ams2-1.xx.fbcdn.net/v/t1.6435-9/118766147_113716100460183_2394493024739918246_n.jpg?stp=dst-jpg_tt6&cstp=mx1536x2048&ctp=s1536x2048&_nc_cat=101&ccb=1-7&_nc_sid=833d8c&_nc_ohc=mY_sh3CNY-IQ7kNvwGbBpAn&_nc_oc=AdqnrukwvYXiNyrgWuFK2mD75OxS7d_GjMxZGTQcF4q981rzU5tC4VCXA-xaYlkR15w&_nc_zt=23&_nc_ht=scontent-ams2-1.xx&_nc_gid=KwMz4trqyTP46gPJmP9aZw&_nc_ss=782a8&oh=00_AQE-RODB3z-47iKkwxmMdIT9Q1MAOaHkw_hSwX3xzCMLUQ&oe=6A9C0B52","118766147_113716100460183_2394493024739918246_n.jpg","No photo description available."
"297","113716063793520","stutes-facebook-297-113716063793520.jpg","1536","2048","https://www.facebook.com/photo.php?fbid=113716063793520&set=pb.100064619866357.-2207520000&type=3","https://scontent-ams2-1.xx.fbcdn.net/v/t1.6435-9/118787957_113716067126853_5847452501166104698_n.jpg?stp=dst-jpg_tt6&cstp=mx1536x2048&ctp=s1536x2048&_nc_cat=102&ccb=1-7&_nc_sid=833d8c&_nc_ohc=vgg11gvNIeoQ7kNvwEvGcWb&_nc_oc=AdpV8Hw6DEtxH-x5-ST7qzi0bd789QaKxVlnG9iJXwmdUvxGRcrZ7ixhMQTq0j0UkxA&_nc_zt=23&_nc_ht=scontent-ams2-1.xx&_nc_gid=qNQMIp1JriPYUjGe7AOW9g&_nc_ss=782a8&oh=00_AQHp2zgT5LBK-hVq37x5hEthWfYegaLTq6mK1Lko4WKheg&oe=6A9C0525","118787957_113716067126853_5847452501166104698_n.jpg","No photo description available."
"298","113716027126857","stutes-facebook-298-113716027126857.jpg","1536","2048","https://www.facebook.com/photo.php?fbid=113716027126857&set=pb.100064619866357.-2207520000&type=3","https://scontent-ams2-1.xx.fbcdn.net/v/t1.6435-9/118787957_113716067126853_5847452501166104698_n.jpg?stp=dst-jpg_tt6&cstp=mx1536x2048&ctp=s1536x2048&_nc_cat=102&ccb=1-7&_nc_sid=833d8c&_nc_ohc=vgg11gvNIeoQ7kNvwEvGcWb&_nc_oc=AdpV8Hw6DEtxH-x5-ST7qzi0bd789QaKxVlnG9iJXwmdUvxGRcrZ7ixhMQTq0j0UkxA&_nc_zt=23&_nc_ht=scontent-ams2-1.xx&_nc_gid=qNQMIp1JriPYUjGe7AOW9g&_nc_ss=782a8&oh=00_AQHp2zgT5LBK-hVq37x5hEthWfYegaLTq6mK1Lko4WKheg&oe=6A9C0525","118787957_113716067126853_5847452501166104698_n.jpg","No photo description available."
"299","113715990460194","stutes-facebook-299-113715990460194.jpg","1536","2048","https://www.facebook.com/photo.php?fbid=113715990460194&set=pb.100064619866357.-2207520000&type=3","https://scontent-ams2-1.xx.fbcdn.net/v/t1.6435-9/118765111_113716030460190_3383735911455218134_n.jpg?stp=dst-jpg_tt6&cstp=mx1536x2048&ctp=s1536x2048&_nc_cat=106&ccb=1-7&_nc_sid=833d8c&_nc_ohc=7aY6INnuBhgQ7kNvwFO9KgF&_nc_oc=AdocDkylb1ug_knW8A7QzvneLLZIuq7XqhPpRHHW7KNryVj6XPnwsJETyqPtdey_3Ac&_nc_zt=23&_nc_ht=scontent-ams2-1.xx&_nc_gid=GNJTBRTOOndMywefBoD5Fg&_nc_ss=782a8&oh=00_AQE6KfHXd4-FWMHnV69o0-sZd1bG2wIKtbrvYso3l2tt3w&oe=6A9C03BE","118765111_113716030460190_3383735911455218134_n.jpg","No photo description available."
"300","113715913793535","stutes-facebook-300-113715913793535.jpg","1536","2048","https://www.facebook.com/photo.php?fbid=113715913793535&set=pb.100064619866357.-2207520000&type=3","https://scontent-ams2-1.xx.fbcdn.net/v/t1.6435-9/118771035_113715917126868_654310545817501698_n.jpg?stp=dst-jpg_tt6&cstp=mx1536x2048&ctp=s1536x2048&_nc_cat=111&ccb=1-7&_nc_sid=833d8c&_nc_ohc=iA8F0ZR5NgoQ7kNvwEikrVZ&_nc_oc=AdrhGaEWxTYG5oSUbdemLaePIw11tF1VqhfgTuktYImBzUwQD1k8uPaMt6qTqa3IQms&_nc_zt=23&_nc_ht=scontent-ams2-1.xx&_nc_gid=NRYa4HPar2pIhYxUBp9-Ug&_nc_ss=782a8&oh=00_AQFZRSIH0B2NuGuVDNq3nDlbip6hLt7GZs4lz_YUztcOfw&oe=6A9BF843","118771035_113715917126868_654310545817501698_n.jpg","No photo description available."
"301","113715893793537","stutes-facebook-301-113715893793537.jpg","1324","2048","https://www.facebook.com/photo.php?fbid=113715893793537&set=pb.100064619866357.-2207520000&type=3","https://scontent-ams2-1.xx.fbcdn.net/v/t1.6435-9/118785010_113715897126870_1823433620800996440_n.jpg?stp=dst-jpg_tt6&cstp=mx1324x2048&ctp=s1324x2048&_nc_cat=101&ccb=1-7&_nc_sid=833d8c&_nc_ohc=zBkg8cgTROAQ7kNvwFp_vFp&_nc_oc=Adp_hQkD35zqhCRUDZ0Y3wqZYpMyWhKe_JCixdnun77wUs4Lc4mrHTkktImaZB4q3ms&_nc_zt=23&_nc_ht=scontent-ams2-1.xx&_nc_gid=4UmjUZxWaBLULjQe3KoiZw&_nc_ss=7e2a8&oh=00_AQHVg9i8_Gl-x6kE8-REbOIwvJRdbJKUf5hL83XG_pomkg&oe=6A9C1E3B","118785010_113715897126870_1823433620800996440_n.jpg","No photo description available."
"302","107970181034775","stutes-facebook-302-107970181034775.jpg","1324","2048","https://www.facebook.com/photo.php?fbid=107970181034775&set=pb.100064619866357.-2207520000&type=3","https://scontent-ams2-1.xx.fbcdn.net/v/t1.6435-9/118785010_113715897126870_1823433620800996440_n.jpg?stp=dst-jpg_tt6&cstp=mx1324x2048&ctp=s1324x2048&_nc_cat=101&ccb=1-7&_nc_sid=833d8c&_nc_ohc=zBkg8cgTROAQ7kNvwFp_vFp&_nc_oc=Adp_hQkD35zqhCRUDZ0Y3wqZYpMyWhKe_JCixdnun77wUs4Lc4mrHTkktImaZB4q3ms&_nc_zt=23&_nc_ht=scontent-ams2-1.xx&_nc_gid=4UmjUZxWaBLULjQe3KoiZw&_nc_ss=7e2a8&oh=00_AQHVg9i8_Gl-x6kE8-REbOIwvJRdbJKUf5hL83XG_pomkg&oe=6A9C1E3B","118785010_113715897126870_1823433620800996440_n.jpg","No photo description available."
"303","107699774395149","stutes-facebook-303-107699774395149.jpg","700","400","https://www.facebook.com/photo.php?fbid=107699774395149&set=pb.100064619866357.-2207520000&type=3","https://scontent-ams2-1.xx.fbcdn.net/v/t1.6435-9/118539770_107699777728482_6083587139047651923_n.jpg?stp=dst-jpg_tt6&cstp=mx700x400&ctp=s700x400&_nc_cat=100&ccb=1-7&_nc_sid=cc71e4&_nc_ohc=PPUrqa8l1dwQ7kNvwFCx4l2&_nc_oc=Adpj2cDobLCmezaFZgBw0g6mNZOKyjkimOeUSTA3PIshCbFUGXvB4B5AexVW6eu_3U8&_nc_zt=23&_nc_ht=scontent-ams2-1.xx&_nc_gid=2qVT3Ea4Neu_dj7sV7UqeQ&_nc_ss=7e2a8&oh=00_AQG0eqFmC_CXN7qWF-tLd1qYe2TEK_T1g6OlutsODqHwUw&oe=6A9C0B21","118539770_107699777728482_6083587139047651923_n.jpg","No photo description available."
"304","107699684395158","stutes-facebook-304-107699684395158.jpg","700","400","https://www.facebook.com/photo.php?fbid=107699684395158&set=pb.100064619866357.-2207520000&type=3","https://scontent-ams2-1.xx.fbcdn.net/v/t1.6435-9/118539770_107699777728482_6083587139047651923_n.jpg?stp=dst-jpg_tt6&cstp=mx700x400&ctp=s700x400&_nc_cat=100&ccb=1-7&_nc_sid=cc71e4&_nc_ohc=PPUrqa8l1dwQ7kNvwFCx4l2&_nc_oc=Adpj2cDobLCmezaFZgBw0g6mNZOKyjkimOeUSTA3PIshCbFUGXvB4B5AexVW6eu_3U8&_nc_zt=23&_nc_ht=scontent-ams2-1.xx&_nc_gid=2qVT3Ea4Neu_dj7sV7UqeQ&_nc_ss=7e2a8&oh=00_AQG0eqFmC_CXN7qWF-tLd1qYe2TEK_T1g6OlutsODqHwUw&oe=6A9C0B21","118539770_107699777728482_6083587139047651923_n.jpg","No photo description available."
"305","107697204395406","stutes-facebook-305-107697204395406.jpg","452","452","https://www.facebook.com/photo.php?fbid=107697204395406&set=pb.100064619866357.-2207520000&type=3","https://scontent-ams2-1.xx.fbcdn.net/v/t1.6435-9/118478171_107699687728491_3703434664727461039_n.jpg?stp=dst-jpg_tt6&cstp=mx452x452&ctp=s452x452&_nc_cat=109&ccb=1-7&_nc_sid=a5f93a&_nc_ohc=7meG0jTaZd4Q7kNvwGsgPhJ&_nc_oc=AdoTfiyMQgl4n_F_oT7e7ggXPYIMm5pARoKN-nLATXbSTL0bL0eg7IC4SDKNBMeRJVo&_nc_zt=23&_nc_ht=scontent-ams2-1.xx&_nc_gid=w1ZfgTPY2JG7FxUaBhDfsA&_nc_ss=782a8&oh=00_AQGMxa2EVQRvMUaB2KZUXJgT_wRZIADeWF3IL_CkY9hNIw&oe=6A9C046E","118478171_107699687728491_3703434664727461039_n.jpg","No photo description available."
